Mean Entropy,Frame Type
0.6484783391153114,Switch
0.6430998933990898,Switch
0.6381736548850441,Switch
0.6330291193852672,Switch
0.6288843110582598,Switch
0.629766146328964,Switch
0.6293795146957853,Switch
0.6295685068484848,Switch
0.6267650912229702,Switch
0.6323842208957307,Switch
0.6292926090515979,Switch
0.6408275678213872,Switch
0.646229457404034,Switch
0.06241021466331682,Switch
0.09453482718732038,Switch
0.1279803070195172,Switch
0.1580482547175941,Switch
0.09467985008029481,Switch
0.09078953140883032,Switch
0.11246558378154074,Switch
0.1450296426941561,Switch
0.14387410748904245,Switch
0.15459654172231838,Switch
0.1628426935440621,Switch
0.1393564432024167,Switch
0.20889736445476512,Switch
0.14989390869244634,Switch
0.21039669099001482,Switch
0.2512074662027151,Switch
0.22847095118975938,Switch
0.35202740541888466,Switch
0.364448547143623,Switch
0.330099871940088,Switch
0.3390617943086306,Switch
0.30080500735570637,Switch
0.3514735440745858,Switch
0.35873777981675115,Switch
0.3746653889358601,Switch
0.39585441660190335,Switch
0.4331164966362415,Switch
0.4302771465597307,Switch
0.42719009858303736,Switch
0.4290833349190138,Switch
0.45255732286946027,Switch
0.49733866275440425,Switch
0.4910339921515419,Switch
0.48939172048402046,Switch
0.4988443066430042,Switch
0.5031600918565031,Switch
0.4792008927361877,Switch
0.4826565570798518,Switch
0.49023089560434413,Switch
0.5076056350274095,Switch
0.5182893124179833,Switch
0.5075885805753992,Switch
0.5099252807043518,Switch
0.5205266643588875,Switch
0.5295444820933848,Switch
0.5399048455064123,Switch
0.5472796709627398,Switch
0.5333138522726174,Switch
0.5441509236498636,Switch
0.5501777267867337,Switch
0.5519134856756972,Switch
0.5523319682995317,Switch
0.5576859132537103,Switch
0.555549014437182,Switch
0.5550740839792291,Switch
0.5464281974206847,Switch
0.5435667966583354,Switch
0.5390289192430242,Switch
0.5408013331936323,Switch
0.5390790257034375,Switch
0.5436210826605088,Switch
0.5407973938554215,Switch
0.5333115943592527,Switch
0.5295438575641562,Switch
0.5339007656253192,Switch
0.5376559637951349,Switch
0.5336345240111199,Switch
0.5270022157668214,Switch
0.5283830979318422,Switch
0.5316885870163963,Switch
0.5289693387146055,Switch
0.5313137733978501,Switch
0.5290207422741857,Switch
0.5269386098669296,Switch
0.533798342831838,Switch
0.5344669253913493,Switch
0.5327923223260732,Switch
0.5358542930522051,Switch
0.5551854423447495,Switch
0.5676896224365293,Switch
0.5666733212188485,Switch
0.5573052386685577,Switch
0.554829604806609,Switch
0.5629599665073453,Switch
0.5776146889772615,Switch
0.5737595180901689,Switch
0.5746437553963675,Switch
0.5787808772097929,Switch
0.5766784716229642,Switch
0.5866060362806106,Switch
0.5932362787743839,Switch
0.5903469663595896,Switch
0.5921189959845186,Switch
0.5913160435594504,Switch
0.5976892682553229,Switch
0.5955945491820762,Switch
0.5974545893875199,Switch
0.5926932746305198,Switch
0.5760248777649378,Switch
0.5793290217096151,Switch
0.5785977940644097,Switch
0.5765463596707721,Switch
0.5825277162960881,Switch
0.582873513325862,Switch
0.579435431882017,Switch
0.5642633590073167,Switch
0.5575437607931517,Switch
0.5507538309797106,Switch
0.5429734458505087,Switch
0.5361915388356189,Switch
0.5269408677802944,Switch
0.5345115071701254,Switch
0.552904469439267,Switch
0.5460753864472673,Switch
0.5417571031168542,Switch
0.5437152424518893,Switch
0.5467073619858439,Switch
0.5522799402107229,Switch
0.5551100184302253,Switch
0.5552372782707187,Switch
0.5639836179536388,Switch
0.5580357457031148,Switch
0.54867799190545,Switch
0.5532548303364803,Switch
0.5417890021482198,Switch
0.5451493056827562,Switch
0.5461178063940983,Switch
0.5493276944659753,Switch
0.5554984275696698,Switch
0.5558413421568504,Switch
0.5657117383697302,Switch
0.5549827105490222,Switch
0.5552213767957458,Switch
0.5533641229514754,Switch
0.5640949763191593,Switch
0.5676624313947327,Switch
0.5551002661661181,Switch
0.5451367670574754,Switch
0.5447994251926418,Switch
0.552972687247308,Switch
0.564005428435928,Switch
0.5688735376910092,Switch
0.5741475909446442,Switch
0.5758189752823578,Switch
0.5673074105486603,Switch
0.5702861267245563,Switch
0.5789703497695912,Switch
0.5866154042190387,Switch
0.5911013976676708,Switch
0.5945851658266194,Switch
0.598980362333563,Switch
0.6071172095301341,Switch
0.6066905599856187,Switch
0.60715756372644,Switch
0.609123485656477,Switch
0.6123555685363222,Switch
0.6177885404582667,Switch
0.6125516707140851,Switch
0.6029099482802722,Switch
0.5988162552685856,Switch
0.6026574943498108,Switch
0.613122202184715,Switch
0.6275987416616567,Switch
0.6168721639171529,Switch
0.6221119161039278,Switch
0.6147984866748372,Switch
0.6090567090697326,Switch
0.6112277167902815,Switch
0.6114691693981786,Switch
0.60678438349203,Switch
0.612745178693514,Switch
0.6070466377273086,Switch
0.6038117684862899,Switch
0.5995308127874598,Switch
0.5964663919851237,Switch
0.5959989558779134,Switch
0.5907137091388746,Switch
0.6009319681320534,Switch
0.6031710495385135,Switch
0.5963155441560754,Switch
0.5844469906968238,Switch
0.5881297434761285,Switch
0.574950255125453,Switch
0.5834091192004034,Switch
0.5878565359589953,Switch
0.6014382691735631,Switch
0.5949078072342272,Switch
0.5954439895972872,Switch
0.582549238534118,Switch
0.5887988064427387,Switch
0.5890786435778363,Switch
0.5924525906739808,Switch
0.6033590808770152,Switch
0.6049075290381254,Switch
0.6051405745217922,Switch
0.6053299510001706,Switch
0.6061789264253115,Switch
0.6171723222725333,Switch
0.61929274312557,Switch
0.622470443921822,Switch
0.6235541462554757,Switch
0.6250246723851475,Switch
0.6321533372440089,Switch
0.6301785277826426,Switch
0.6312433981580202,Switch
0.6289959576680395,Switch
0.6263202822901172,Switch
0.6322481696053278,Switch
0.6346218610808941,Switch
0.6349889881858584,Switch
0.6305104890879688,Switch
0.6232506730911131,Switch
0.6270592444896145,Switch
0.6363539208351964,Switch
0.6373623914171653,Switch
0.6315051719861999,Switch
0.6351403164220055,Switch
0.6432392594984749,Switch
0.6499945039193769,Switch
0.646839430297482,Switch
0.6446742355028297,Switch
0.6471507821382663,Switch
0.6387744520029035,Switch
0.6406139788252251,Switch
0.634845394504003,Switch
0.6298785615901019,Switch
0.6293411301685848,Switch
0.6247162029869566,Switch
0.6234153566446092,Switch
0.6202098402773321,Switch
0.6165483695325078,Switch
0.6245881264543952,Switch
0.6198119190773297,Switch
0.6259257719805168,Switch
0.6323940212005478,Switch
0.6329400519091348,Switch
0.6303884176441433,Switch
0.6299850198032138,Switch
0.6286193185025175,Switch
0.6292548490536259,Switch
0.6281632680435507,Switch
0.6179068647267209,Switch
0.6103243592815475,Switch
0.600827911954436,Switch
0.5997322955247301,Switch
0.5977008460664059,Switch
0.6027425264063125,Switch
0.6177668740981072,Switch
0.6259554611392276,Switch
0.6180537732175584,Switch
0.6207358860506057,Switch
0.6237540436493196,Switch
0.6211682524395977,Switch
0.6125803990585981,Switch
0.602963225427538,Switch
0.6079424048038804,Switch
0.6104409060437358,Switch
0.5996101279994849,Switch
0.6090045368587943,Switch
0.6202952566595129,Switch
0.626747172038182,Switch
0.6288763843411282,Switch
0.6300132677406279,Switch
0.6216020120091765,Switch
0.6242493914089748,Switch
0.6323496315846113,Switch
0.6356779400063622,Switch
0.6325322823636055,Switch
0.6419987522877468,Switch
0.645427754037423,Switch
0.6421520501929995,Switch
0.19933278339085495,Non-Switch
0.0020901615862141286,Non-Switch
0.0072882523439288666,Non-Switch
0.007098409720537216,Non-Switch
0.007130839451619896,Non-Switch
0.00632076349003869,Non-Switch
0.0057750120180778425,Non-Switch
0.006690571867123453,Non-Switch
0.006500252589813383,Non-Switch
0.005734184921033958,Non-Switch
0.005406469213444192,Non-Switch
0.005158370473588507,Non-Switch
0.001893304268542738,Non-Switch
0.005166746071103044,Non-Switch
0.005048574932411654,Non-Switch
0.004963818359355649,Non-Switch
0.005526827330389623,Non-Switch
0.006436722504166955,Non-Switch
0.007635353979230626,Non-Switch
0.00688837348499858,Non-Switch
0.008491386134272354,Non-Switch
0.011500245603714699,Non-Switch
0.005223587613851705,Non-Switch
0.0018412487815166697,Non-Switch
0.005262062217383261,Non-Switch
0.004524991996155845,Non-Switch
0.0038079524990434523,Non-Switch
0.0033442331664426963,Non-Switch
0.0034344273473491506,Non-Switch
0.0044335322427982785,Non-Switch
0.006881797912832659,Non-Switch
0.007473504076981843,Non-Switch
0.009244178803764757,Non-Switch
0.006003441465096803,Non-Switch
0.001961013520631376,Non-Switch
0.00733829650154642,Non-Switch
0.014579486214415157,Non-Switch
0.011407684667210169,Non-Switch
0.012265397496461885,Non-Switch
0.015156372570199984,Non-Switch
0.011330860065738328,Non-Switch
0.008756522061508164,Non-Switch
0.008191321608403595,Non-Switch
0.008572910468316208,Non-Switch
0.00881493581155152,Non-Switch
0.0019738392642173353,Non-Switch
0.013140155019454645,Non-Switch
0.016920100159951438,Non-Switch
0.017196385285061726,Non-Switch
0.019007167248876296,Non-Switch
0.016387291155488856,Non-Switch
0.014034528915439645,Non-Switch
0.010843783565180851,Non-Switch
0.008318248917108166,Non-Switch
0.013040122251290346,Non-Switch
0.008132416942356072,Non-Switch
0.0020795894398353766,Non-Switch
0.008423873924157867,Non-Switch
0.011365879491338408,Non-Switch
0.011065345067276057,Non-Switch
0.02576201683519381,Non-Switch
0.019741940898980237,Non-Switch
0.01859393907768588,Non-Switch
0.017632733047885745,Non-Switch
0.01894886234106628,Non-Switch
0.016403497388715136,Non-Switch
0.012473321442037633,Non-Switch
0.001982543827999191,Non-Switch
0.011046404266766618,Non-Switch
0.007305666350627176,Non-Switch
0.0074557965715715616,Non-Switch
0.006038015763494327,Non-Switch
0.006617631056791621,Non-Switch
0.008693103820639446,Non-Switch
0.009423103425198266,Non-Switch
0.012314264656687182,Non-Switch
0.010055292144425108,Non-Switch
0.0069575903896779995,Non-Switch
0.0021071991489123006,Non-Switch
0.008704634341648658,Non-Switch
0.011584582571195276,Non-Switch
0.010726385581664222,Non-Switch
0.009905820231333407,Non-Switch
0.006623974682405113,Non-Switch
0.004552290378913613,Non-Switch
0.003961626848296216,Non-Switch
0.0037659821832314515,Non-Switch
0.0038426934386534004,Non-Switch
0.0036906111885517687,Non-Switch
0.0022453529710088245,Non-Switch
0.0036305437871977375,Non-Switch
0.003593919876951007,Non-Switch
0.0038131119962218148,Non-Switch
0.003946040640481926,Non-Switch
0.0038565062687003398,Non-Switch
0.004182653522175872,Non-Switch
0.004025914325759472,Non-Switch
0.0037850367051088275,Non-Switch
0.0035853539931871483,Non-Switch
0.003753944982860138,Non-Switch
0.002213444181373993,Non-Switch
0.003470769018425289,Non-Switch
0.003916823256554961,Non-Switch
0.004676595715748827,Non-Switch
0.005172158907962457,Non-Switch
0.00486366436346249,Non-Switch
0.004306172567704716,Non-Switch
0.004272442734910692,Non-Switch
0.003893874809950334,Non-Switch
0.00418446368111173,Non-Switch
0.004610918435561233,Non-Switch
0.14175282190322766,Non-Switch
0.002275561006918207,Non-Switch
0.004014043766600582,Non-Switch
0.004177959794692595,Non-Switch
0.004569990002644929,Non-Switch
0.004088675009411599,Non-Switch
0.00566920610772997,Non-Switch
0.00803703361414562,Non-Switch
0.08279336542607756,Non-Switch
0.0602324091823188,Non-Switch
0.04035013386339478,Non-Switch
0.0023829605176893956,Non-Switch
0.02602948348749528,Non-Switch
0.02535880214947067,Non-Switch
0.02469912213401042,Non-Switch
0.02687374792052272,Non-Switch
0.021831328954701558,Non-Switch
0.030811410711581833,Non-Switch
0.056265465578582946,Non-Switch
0.06215904582184485,Non-Switch
0.06868976597999642,Non-Switch
0.0033784997040425,Non-Switch
0.10191577182906988,Non-Switch
0.09915833716800687,Non-Switch
0.08901615664402449,Non-Switch
0.09055390373700713,Non-Switch
0.09115422044776764,Non-Switch
0.09525300577470239,Non-Switch
0.10570244867403973,Non-Switch
0.09216254690760699,Non-Switch
0.08098510109571555,Non-Switch
0.07269493797862565,Non-Switch
0.003083171691914262,Non-Switch
0.07786314553819983,Non-Switch
0.07389626799044006,Non-Switch
0.07287420188757275,Non-Switch
0.09465136193933121,Non-Switch
0.09929822571011201,Non-Switch
0.11984306348708956,Non-Switch
0.12208891863364393,Non-Switch
0.13659172436871692,Non-Switch
0.1266210671943009,Non-Switch
0.12044383658459401,Non-Switch
0.0028485155308531377,Non-Switch
0.11772493657794993,Non-Switch
0.11736049975273952,Non-Switch
0.12437586059733002,Non-Switch
0.12375273655955017,Non-Switch
0.11658768086294864,Non-Switch
0.10181948623627685,Non-Switch
0.09106446238643064,Non-Switch
0.07239934349068476,Non-Switch
0.07110107333140508,Non-Switch
0.07330754110094004,Non-Switch
0.003124087551676026,Non-Switch
0.07400477393881086,Non-Switch
0.08561398563082076,Non-Switch
0.0757382809194984,Non-Switch
0.07281866682694221,Non-Switch
0.11533686891994958,Non-Switch
0.13838354676611975,Non-Switch
0.1576323422717387,Non-Switch
0.1466786400610619,Non-Switch
0.0027601322595186334,Non-Switch
0.14698784208007856,Non-Switch
0.13419659472636303,Non-Switch
0.13036539615350448,Non-Switch
0.11903677223268422,Non-Switch
0.10594421354655112,Non-Switch
0.09311380100409938,Non-Switch
0.09025584716268446,Non-Switch
0.08907465221340186,Non-Switch
0.0775334001106173,Non-Switch
0.07935593853690477,Non-Switch
0.0023247028999531768,Non-Switch
0.07348696114219426,Non-Switch
0.07828487090995168,Non-Switch
0.06478370196586615,Non-Switch
0.058512023320519434,Non-Switch
0.062419288352396914,Non-Switch
0.04607652042606895,Non-Switch
0.04604342337950048,Non-Switch
0.040726142494599465,Non-Switch
0.03046283933081194,Non-Switch
0.040213851377075616,Non-Switch
0.002050437736566461,Non-Switch
0.05568048586445418,Non-Switch
0.05522507194489336,Non-Switch
0.042839444314939724,Non-Switch
0.03467287493166983,Non-Switch
0.03581359258032742,Non-Switch
0.026856366191176366,Non-Switch
0.02072784135493499,Non-Switch
0.023919406399806248,Non-Switch
0.0254585977166299,Non-Switch
0.01920604527890735,Non-Switch
0.001982420723680103,Non-Switch
0.05966772666811771,Non-Switch
0.07095786998031768,Non-Switch
0.0636905236021871,Non-Switch
0.05355706246704939,Non-Switch
0.05579210244879022,Non-Switch
0.056499099560945794,Non-Switch
0.06225713894634742,Non-Switch
0.060001231281248985,Non-Switch
0.0693828372913732,Non-Switch
0.08116703126406143,Non-Switch
0.08209244546372281,Non-Switch
0.0019501296726154205,Non-Switch
0.08402691273896061,Non-Switch
0.0670890195010844,Non-Switch
0.038282563796323534,Non-Switch
0.03237807230682832,Non-Switch
0.055627466936004025,Non-Switch
0.06556926365395481,Non-Switch
0.0651997885592949,Non-Switch
0.0914201678126189,Non-Switch
0.09178774529923824,Non-Switch
0.07220833362817004,Non-Switch
0.002237899717592333,Non-Switch
0.048515277038089874,Non-Switch
0.05316440772986851,Non-Switch
0.045252105813858357,Non-Switch
0.04763510217442115,Non-Switch
0.04165470636330289,Non-Switch
0.03745581320459464,Non-Switch
0.0295221541904949,Non-Switch
0.03796137862273417,Non-Switch
0.030425965083428524,Non-Switch
0.02352021662480842,Non-Switch
0.0024143843964087954,Non-Switch
0.022152333975628845,Non-Switch
0.023507307185298202,Non-Switch
0.020067912128292193,Non-Switch
0.031105741128343804,Non-Switch
0.03537486680236395,Non-Switch
0.03691336453143859,Non-Switch
0.0405042394530824,Non-Switch
0.04122828501215948,Non-Switch
0.027159334928085074,Non-Switch
0.039221699623746685,Non-Switch
0.00236119188336237,Non-Switch
0.040499216196354736,Non-Switch
0.04706648632709798,Non-Switch
0.04717463197014461,Non-Switch
0.10451336904324676,Non-Switch
0.10200365029763252,Non-Switch
0.09437325426978956,Non-Switch
0.08130371909387027,Non-Switch
0.07533425254425154,Non-Switch
0.0703201115412882,Non-Switch
0.0023452388021581155,Non-Switch
0.07851053613956185,Non-Switch
0.09188261369108958,Non-Switch
0.08444477083356648,Non-Switch
0.08931585861266081,Non-Switch
0.11472248829136936,Non-Switch
0.10149027526159182,Non-Switch
0.09794626405244376,Non-Switch
0.10832503906753584,Non-Switch
0.002507163768016098,Non-Switch
0.123428305635499,Non-Switch
0.12342850980851602,Non-Switch
0.13334258703686144,Non-Switch
0.13996861395834206,Non-Switch
0.14677083018333698,Non-Switch
0.002593995662207461,Non-Switch
0.13859765219991313,Non-Switch
0.1384841560228027,Non-Switch
0.1413916998869995,Non-Switch
0.1351083593593275,Non-Switch
0.1622924832937148,Non-Switch
0.14299873369381813,Non-Switch
0.14341304878606978,Non-Switch
0.1404087989728684,Non-Switch
0.15334177843093103,Non-Switch
0.1537558533196332,Non-Switch
0.002661509373594133,Non-Switch
0.16075462810913488,Non-Switch
0.1811131880335217,Non-Switch
0.19436984177445477,Non-Switch
0.20512424710016117,Non-Switch
0.21527315932861663,Non-Switch
0.22077016951684175,Non-Switch
0.21360638689905226,Non-Switch
0.20350914245408136,Non-Switch
0.19666185203303405,Non-Switch
0.0026995215852930175,Non-Switch
0.1959311888661699,Non-Switch
0.21508921145045543,Non-Switch
0.2261096301969892,Non-Switch
0.22569326136438986,Non-Switch
0.222081392652525,Non-Switch
0.23556793320044964,Non-Switch
0.22861951708508804,Non-Switch
0.22201651367382125,Non-Switch
0.1984635227759639,Non-Switch
0.2088027482766407,Non-Switch
0.00280092445198424,Non-Switch
0.20892794236660883,Non-Switch
0.20823997538065764,Non-Switch
0.21955889507808055,Non-Switch
0.22529481171657872,Non-Switch
0.22201886766860573,Non-Switch
0.21288296586920372,Non-Switch
0.20808919961267414,Non-Switch
0.2198865086991618,Non-Switch
0.21786791013073262,Non-Switch
0.22318344653735583,Non-Switch
0.041563083721913356,Non-Switch
0.0026563136582243314,Non-Switch
0.22336254230381833,Non-Switch
0.2127341357499707,Non-Switch
0.22006620497449786,Non-Switch
0.20868843540746218,Non-Switch
0.2004042113231322,Non-Switch
0.20599611392356362,Non-Switch
0.19297267380878189,Non-Switch
0.1912865289629552,Non-Switch
0.18533390068215222,Non-Switch
0.1800907255947978,Non-Switch
0.0026877936469916082,Non-Switch
0.1807625148716942,Non-Switch
0.18166116439085925,Non-Switch
0.1875078148656493,Non-Switch
0.18530222984415853,Non-Switch
0.16029611556378628,Non-Switch
0.15805525665106027,Non-Switch
0.15176284843939689,Non-Switch
0.13971073142766327,Non-Switch
0.14543636735424542,Non-Switch
0.13639903308135612,Non-Switch
0.002468634931026895,Non-Switch
0.1545432885954075,Non-Switch
0.15434358336440307,Non-Switch
0.15594265442355776,Non-Switch
0.18387411165114032,Non-Switch
0.19083512644267003,Non-Switch
0.19855608521374063,Non-Switch
0.202733741376134,Non-Switch
0.20284872681525096,Non-Switch
0.20394388685821285,Non-Switch
0.1888490274144801,Non-Switch
0.002394032400046397,Non-Switch
0.18378529638873486,Non-Switch
0.16160300302540212,Non-Switch
0.14554737742461915,Non-Switch
0.14347881651790645,Non-Switch
0.14282023843622926,Non-Switch
0.15349553272292757,Non-Switch
0.16025902813575274,Non-Switch
0.14628581117630768,Non-Switch
0.1411450588824345,Non-Switch
0.13334143405982413,Non-Switch
0.0023054806109092385,Non-Switch
0.130745230026234,Non-Switch
0.13072379185944646,Non-Switch
0.12558503325503365,Non-Switch
0.13606794851898546,Non-Switch
0.13410656643603291,Non-Switch
0.14052025341980856,Non-Switch
0.14940807299334893,Non-Switch
0.16842572062334174,Non-Switch
0.17380303738288091,Non-Switch
0.1807111233222915,Non-Switch
0.002469045341310196,Non-Switch
0.18129126293489906,Non-Switch
0.18696862995822125,Non-Switch
0.17948501631435235,Non-Switch
0.18209787846409614,Non-Switch
0.18009285139621034,Non-Switch
0.17347380238784094,Non-Switch
0.1706684411135759,Non-Switch
0.1644066348341112,Non-Switch
0.1590295342577665,Non-Switch
0.15453640676371605,Non-Switch
0.00259167112988956,Non-Switch
0.1548375979943589,Non-Switch
0.14986588894840416,Non-Switch
0.14881581511167213,Non-Switch
0.1531080483671484,Non-Switch
0.15338083552806997,Non-Switch
0.14966494666912009,Non-Switch
0.15648855302019263,Non-Switch
0.14490436453294567,Non-Switch
0.1628060985333049,Non-Switch
0.002343713134301125,Non-Switch
0.16872627531457857,Non-Switch
0.17463709616760154,Non-Switch
0.18047375417473488,Non-Switch
0.17944934608726051,Non-Switch
0.17477132191102862,Non-Switch
0.16764342570352544,Non-Switch
0.1586719552438926,Non-Switch
0.15474835036556447,Non-Switch
0.16229175067288898,Non-Switch
0.18711906944123555,Non-Switch
0.002231031022032486,Non-Switch
0.19569094928619743,Non-Switch
0.19815623037516528,Non-Switch
0.2157392262755951,Non-Switch
0.20574226681251542,Non-Switch
0.20920263914574846,Non-Switch
0.20514641788777446,Non-Switch
0.20397011708581173,Non-Switch
0.2023004141729442,Non-Switch
0.19420572269929987,Non-Switch
0.002240042971294016,Non-Switch
0.19663158638580458,Non-Switch
0.17924150996610752,Non-Switch
0.17688317950752785,Non-Switch
0.19222325074470648,Non-Switch
0.2111949834662238,Non-Switch
0.23719086848224116,Non-Switch
0.256071443956746,Non-Switch
0.2530645999452107,Non-Switch
0.01927826848113523,Non-Switch
0.002472647831574727,Non-Switch
0.2924976636797428,Non-Switch
0.3678735855347334,Non-Switch
0.37163339561269837,Non-Switch
0.36384892702315585,Non-Switch
0.36649231904403345,Non-Switch
0.364815289922908,Non-Switch
0.36074002052346343,Non-Switch
0.3558782526420874,Non-Switch
0.002223620554873238,Non-Switch
0.33288863514908673,Non-Switch
0.3244031565208584,Non-Switch
0.3405022949946224,Non-Switch
0.3273866287270332,Non-Switch
0.3133627528390112,Non-Switch
0.31766705632284686,Non-Switch
0.31114985361944003,Non-Switch
0.3044682315864415,Non-Switch
0.0020196545257515834,Non-Switch
0.30688700926823775,Non-Switch
0.31276644752752636,Non-Switch
0.3254465046582061,Non-Switch
0.3259207625462205,Non-Switch
0.33277021479921276,Non-Switch
0.33091980675610155,Non-Switch
0.3237527813903946,Non-Switch
0.30766668596936514,Non-Switch
0.30300085212326733,Non-Switch
0.30373388129509343,Non-Switch
0.0018737466328246986,Non-Switch
0.30342221718969503,Non-Switch
0.3046931822104921,Non-Switch
0.3049821230601135,Non-Switch
0.2992711155296922,Non-Switch
0.29422907488446143,Non-Switch
0.3115813072349442,Non-Switch
0.3017140096478522,Non-Switch
0.3009954167093475,Non-Switch
0.2949932584566499,Non-Switch
0.0018636194259894793,Non-Switch
0.3162708972120816,Non-Switch
0.3280410152567727,Non-Switch
0.33543517709883014,Non-Switch
0.34099841140563586,Non-Switch
0.3541772752270828,Non-Switch
0.3552788727251697,Non-Switch
0.3571070379196028,Non-Switch
0.3516691658452498,Non-Switch
0.33179962431699045,Non-Switch
0.33948563347161753,Non-Switch
0.0018019430361722463,Non-Switch
0.3421518928704018,Non-Switch
0.3563617583667552,Non-Switch
0.35428332509416055,Non-Switch
0.3529859376829251,Non-Switch
0.35173870477281266,Non-Switch
0.3549275269934038,Non-Switch
0.3463357823149032,Non-Switch
0.35437383379158954,Non-Switch
0.3539773297925289,Non-Switch
0.0017378246394887137,Non-Switch
0.35945774191548774,Non-Switch
0.3608176783309974,Non-Switch
0.3676143098234678,Non-Switch
0.36998716058661113,Non-Switch
0.36323563932072556,Non-Switch
0.35924052584572913,Non-Switch
0.3521116207833183,Non-Switch
0.3619845871741771,Non-Switch
0.3649699810087474,Non-Switch
0.0017701967592513325,Non-Switch
0.36173422301459573,Non-Switch
0.3700660674526022,Non-Switch
0.3707023186143589,Non-Switch
0.36854036656762396,Non-Switch
0.3834605139596715,Non-Switch
0.3903769830029576,Non-Switch
0.38629061619952887,Non-Switch
0.3918433055705142,Non-Switch
0.3914683718501933,Non-Switch
0.3865397553210081,Non-Switch
0.00186824522090643,Non-Switch
0.38637603258170977,Non-Switch
0.37832815677985127,Non-Switch
0.3801705180040563,Non-Switch
0.3720666987955332,Non-Switch
0.3767652003243549,Non-Switch
0.38057487665918366,Non-Switch
0.3829864482344967,Non-Switch
0.39363856287867405,Non-Switch
0.3888928373320325,Non-Switch
0.0021179202965553147,Non-Switch
0.389786562678434,Non-Switch
0.3865671625459992,Non-Switch
0.3973837685808331,Non-Switch
0.39555838974757346,Non-Switch
0.40200723052080967,Non-Switch
0.4066654258940353,Non-Switch
0.4041925783932601,Non-Switch
0.39211994799840433,Non-Switch
0.3861013598229251,Non-Switch
0.37184748903631426,Non-Switch
0.009103261890213581,Non-Switch
0.002051253490339442,Non-Switch
0.3645847905968654,Non-Switch
0.367610826872001,Non-Switch
0.3618850708436441,Non-Switch
0.35726482763122996,Non-Switch
0.33997949196926625,Non-Switch
0.34080716133957173,Non-Switch
0.34115091663917535,Non-Switch
0.35463411835776276,Non-Switch
0.3508006138308296,Non-Switch
0.36222154797569966,Non-Switch
0.001826054593401427,Non-Switch
0.36417300965206034,Non-Switch
0.36381349699961346,Non-Switch
0.3667208246806158,Non-Switch
0.3685242969501664,Non-Switch
0.3703111231137409,Non-Switch
0.3775785055224039,Non-Switch
0.38256570769729753,Non-Switch
0.37761833127090105,Non-Switch
0.3736626111780128,Non-Switch
0.37960844169836666,Non-Switch
0.001981556366220165,Non-Switch
0.3925808265487149,Non-Switch
0.40286615037289736,Non-Switch
0.40928508580422823,Non-Switch
0.4020836152495316,Non-Switch
0.4031510558028882,Non-Switch
0.4015895405686884,Non-Switch
0.38120154369931775,Non-Switch
0.3718763134622471,Non-Switch
0.3735310757143394,Non-Switch
0.3776458585976669,Non-Switch
0.0018882001307761603,Non-Switch
0.3832526177876312,Non-Switch
0.3881288219023286,Non-Switch
0.37901009465671154,Non-Switch
0.3877493723552782,Non-Switch
0.40102921774890965,Non-Switch
0.3955393896468128,Non-Switch
0.4009463475243529,Non-Switch
0.39570522617734616,Non-Switch
0.4048855175926847,Non-Switch
0.4150909016756135,Non-Switch
0.001825783613772215,Non-Switch
0.4220177955529453,Non-Switch
0.4193910256176889,Non-Switch
0.412760158594687,Non-Switch
0.40731056458712134,Non-Switch
0.40940581210817684,Non-Switch
0.40013193738997643,Non-Switch
0.3908715621112546,Non-Switch
0.39120532494320154,Non-Switch
0.37559829148117524,Non-Switch
0.3820385810080514,Non-Switch
0.0016368672753180932,Non-Switch
0.3933803200426711,Non-Switch
0.3927033543792843,Non-Switch
0.3980554497661322,Non-Switch
0.3943008040644802,Non-Switch
0.3943033742424592,Non-Switch
0.397599135083261,Non-Switch
0.4089833901461316,Non-Switch
0.40780235733424486,Non-Switch
0.39625771836141316,Non-Switch
0.0015670781044480344,Non-Switch
0.40788378633750505,Non-Switch
0.41215763201127165,Non-Switch
0.4181583490426726,Non-Switch
0.43706563515187513,Non-Switch
0.4353553858798621,Non-Switch
0.4309506773123606,Non-Switch
0.4305416587083741,Non-Switch
0.4401205919343633,Non-Switch
0.44545253424341325,Non-Switch
0.0015438294972361193,Non-Switch
0.4518069750217195,Non-Switch
0.4571635141742322,Non-Switch
0.4609291852188035,Non-Switch
0.4668449182344125,Non-Switch
0.4592281117223791,Non-Switch
0.4464307872188627,Non-Switch
0.4297167516788871,Non-Switch
0.4235170019864202,Non-Switch
0.41444638751175605,Non-Switch
0.41434290782265726,Non-Switch
0.001469667120494068,Non-Switch
0.421994736012199,Non-Switch
0.4400432463914436,Non-Switch
0.4336104031746001,Non-Switch
0.43455233737337423,Non-Switch
0.42883794297290584,Non-Switch
0.42270593068138107,Non-Switch
0.4175139790009447,Non-Switch
0.423481932268202,Non-Switch
0.41880401618356733,Non-Switch
0.0014077466801174234,Non-Switch
0.4248655527536864,Non-Switch
0.42034804459936786,Non-Switch
0.4220064099047018,Non-Switch
0.42624979776839944,Non-Switch
0.41119566483647424,Non-Switch
0.40830976331208196,Non-Switch
0.40570249790504015,Non-Switch
0.40730921944724446,Non-Switch
0.4097515610972408,Non-Switch
0.4144918340233101,Non-Switch
0.0039860814462194406,Non-Switch
0.0014663171254449834,Non-Switch
0.41734554827207737,Non-Switch
0.42564458090523033,Non-Switch
0.4184893495338009,Non-Switch
0.4352567583024621,Non-Switch
0.43003314779420954,Non-Switch
0.46402449619759756,Non-Switch
0.47756304081397594,Non-Switch
0.0026796670730005923,Non-Switch
0.4898160640744612,Non-Switch
0.5007865445030664,Non-Switch
0.5159693304560717,Non-Switch
0.509207120132236,Non-Switch
0.508974651137088,Non-Switch
0.5048161512077625,Non-Switch
0.49028378842593084,Non-Switch
0.48986641073842385,Non-Switch
0.48776520616934227,Non-Switch
0.4899618676289713,Non-Switch
0.003969475499274169,Non-Switch
0.4953558785351966,Non-Switch
0.4860307443795457,Non-Switch
0.48613556920852136,Non-Switch
0.4870754376567703,Non-Switch
0.4939360833951665,Non-Switch
0.5103136418030865,Non-Switch
0.5088545013216581,Non-Switch
0.5086243382805846,Non-Switch
0.5090983559650496,Non-Switch
0.50081070898014,Non-Switch
0.0064499397044748925,Non-Switch
0.4822721833600378,Non-Switch
0.48769886194898693,Non-Switch
0.4905308617968849,Non-Switch
0.4942824088727491,Non-Switch
0.4916930146097856,Non-Switch
0.4940259675633669,Non-Switch
0.022557164030221965,Non-Switch
0.4944753884043692,Non-Switch
0.5034204244633862,Non-Switch
0.49463944742863675,Non-Switch
0.49018794720970427,Non-Switch
0.49588341357047677,Non-Switch
0.4823803710387056,Non-Switch
0.048694030514494405,Non-Switch
0.5110962249671621,Non-Switch
0.514176595285181,Non-Switch
0.5107289056993584,Non-Switch
0.5069980641694558,Non-Switch
0.07671966855126805,Non-Switch
0.07526719371833661,Non-Switch
0.058560592478216204,Non-Switch
0.04792425920723705,Non-Switch
0.0022201886466606136,Non-Switch
0.036049979895875724,Non-Switch
0.026709007318683645,Non-Switch
0.016802386909276167,Non-Switch
0.012232802625438964,Non-Switch
0.008084628446194978,Non-Switch
0.008083676639630322,Non-Switch
0.01470728200907817,Non-Switch
0.022606031941083352,Non-Switch
0.039363759005429884,Non-Switch
0.040021940751250505,Non-Switch
0.6094603471142117,Non-Switch
0.5856790427426116,Non-Switch
0.5866254447274053,Non-Switch
0.002394799362473398,Non-Switch
0.026375436649576277,Non-Switch
0.571156528306307,Non-Switch
0.5767726314143446,Non-Switch
0.6046844279814055,Non-Switch
0.5986202011315327,Non-Switch
0.02754829953823768,Non-Switch
0.6017531279861691,Non-Switch
0.05305268905902395,Non-Switch
0.6133384814606309,Non-Switch
0.6168043304347911,Non-Switch
0.06317033879551978,Non-Switch
0.6339736958230852,Non-Switch
0.06596277711882494,Non-Switch
0.6448267647567241,Non-Switch
0.050286916332251005,Non-Switch
0.6473067703232726,Non-Switch
0.023509278355675792,Non-Switch
0.013267225699652788,Non-Switch
0.6036685110894039,Non-Switch
0.008489818806112258,Non-Switch
0.0064348894508302916,Non-Switch
