Frame ID,Mean Entropy,Frame Type
124,0.38412623276920993,Switch
1257,0.5858808486057336,Switch
1264,0.6197473574172132,Switch
131,0.436580627081556,Switch
1353,0.6435331453570882,Switch
138,0.42903321061379157,Switch
1416,0.6333285860130322,Switch
1417,0.6320147695768299,Switch
1451,0.5321791130238355,Switch
146,0.3813751238279104,Switch
153,0.40241844873990523,Switch
158,0.3713531382184278,Switch
162,0.3672294516928355,Switch
165,0.3732464638274493,Switch
166,0.37732065638161044,Switch
241,0.3137614664048828,Switch
244,0.34875779418973374,Switch
245,0.37242220282414795,Switch
246,0.37525164270558914,Switch
249,0.4119324481070417,Switch
251,0.398214878116072,Switch
254,0.4641491833442257,Switch
258,0.470896257443418,Switch
260,0.477552471793801,Switch
263,0.4660736497731383,Switch
265,0.45923540529351675,Switch
266,0.4593063328467184,Switch
268,0.4415697333000812,Switch
269,0.4252468959133367,Switch
271,0.40594908773124616,Switch
274,0.3923370030611876,Switch
275,0.3901701663108784,Switch
276,0.39301278215019536,Switch
277,0.39845310668253714,Switch
279,0.4177470060834111,Switch
280,0.4336691545665031,Switch
281,0.4257479706021409,Switch
283,0.42403382766584263,Switch
288,0.45188472218499776,Switch
289,0.4654302281445328,Switch
291,0.4710449982173948,Switch
298,0.39443824476776945,Switch
299,0.3795961883129027,Switch
307,0.42194433818887883,Switch
308,0.42990851874662345,Switch
310,0.4190933352958256,Switch
317,0.3476659499318904,Switch
331,0.4634794097998686,Switch
333,0.43165688293304316,Switch
475,0.2600017721399122,Switch
62,0.3890481390139719,Switch
63,0.391518514628822,Switch
640,0.3185828833206197,Switch
675,0.30603432365906047,Switch
681,0.3977787772077554,Switch
687,0.4181077270519748,Switch
694,0.4666328902327615,Switch
706,0.46231148668112765,Switch
1,0.9924895625817547,Non-Switch
10,0.39309908596858006,Non-Switch
100,0.4926464763783434,Non-Switch
1000,0.46585439562145303,Non-Switch
1001,0.4639869818667216,Non-Switch
1002,0.4619156384535513,Non-Switch
1003,0.46687326733459733,Non-Switch
1004,0.4627449213347071,Non-Switch
1005,0.4604932562662075,Non-Switch
1006,0.47161210801138786,Non-Switch
1007,0.47882430118938546,Non-Switch
1008,0.47248337793316153,Non-Switch
1009,0.48619993837136666,Non-Switch
101,0.5153816564079116,Non-Switch
1010,0.4930542321513477,Non-Switch
1011,0.5191844604701874,Non-Switch
1012,0.5221591206339137,Non-Switch
1013,0.5321477910021661,Non-Switch
1014,0.5380004013519685,Non-Switch
1015,0.519160852467078,Non-Switch
1016,0.529802522272215,Non-Switch
1017,0.5310467572255686,Non-Switch
1018,0.5137727917047779,Non-Switch
1019,0.5314902874067935,Non-Switch
102,0.5213561378965728,Non-Switch
1020,0.5365917387278352,Non-Switch
1021,0.5259174526026127,Non-Switch
1022,0.5196843702904171,Non-Switch
1023,0.5097990884796417,Non-Switch
1024,0.5086762587177173,Non-Switch
1025,0.49800295625929103,Non-Switch
1026,0.49710367771979325,Non-Switch
1027,0.49358199527349167,Non-Switch
1028,0.5182083523767107,Non-Switch
1029,0.5284103748958711,Non-Switch
103,0.5170770320171767,Non-Switch
1030,0.5298751065273893,Non-Switch
1031,0.5145514416318963,Non-Switch
1032,0.5317827470768928,Non-Switch
1033,0.5331378257466,Non-Switch
1034,0.533424797591415,Non-Switch
1035,0.5524312592000442,Non-Switch
1036,0.5617220438623421,Non-Switch
1037,0.5472035878974657,Non-Switch
1038,0.5343460792039862,Non-Switch
1039,0.5402986611634473,Non-Switch
104,0.5112539834431977,Non-Switch
1040,0.5396678718873827,Non-Switch
1041,0.5387053798132432,Non-Switch
1042,0.5453275800012514,Non-Switch
1043,0.5439887577196502,Non-Switch
1044,0.5342028262552937,Non-Switch
1045,0.5272391901451216,Non-Switch
1046,0.5233740008991903,Non-Switch
1047,0.5178429978198174,Non-Switch
1048,0.5102037897083841,Non-Switch
1049,0.5256119464044794,Non-Switch
105,0.49769770892084086,Non-Switch
1050,0.49866449806572183,Non-Switch
1051,0.4821055547619146,Non-Switch
1052,0.4898492904134311,Non-Switch
1053,0.4781492469074907,Non-Switch
1054,0.4944425484043801,Non-Switch
1055,0.482504871709246,Non-Switch
1056,0.4757521544689595,Non-Switch
1057,0.4874518355713434,Non-Switch
1058,0.48460898675831154,Non-Switch
1059,0.48697460185936353,Non-Switch
106,0.4911310600208512,Non-Switch
1060,0.4868781507413967,Non-Switch
1061,0.48933012143277,Non-Switch
1062,0.49217436808809123,Non-Switch
1063,0.5011117575108606,Non-Switch
1064,0.5062818066479549,Non-Switch
1065,0.5094782060163253,Non-Switch
1066,0.5028563682318736,Non-Switch
1067,0.4926776430842028,Non-Switch
1068,0.4885987910557438,Non-Switch
1069,0.4864446125439439,Non-Switch
107,0.4988848912000132,Non-Switch
1070,0.4937807477382661,Non-Switch
1071,0.48889968955151586,Non-Switch
1072,0.4846589466771726,Non-Switch
1073,0.4743963509921392,Non-Switch
1074,0.47700037586143457,Non-Switch
1075,0.4811929190627628,Non-Switch
1076,0.47702791853172893,Non-Switch
1077,0.48560678729324197,Non-Switch
1078,0.49921131326055057,Non-Switch
1079,0.5071495043061002,Non-Switch
108,0.4788074235380397,Non-Switch
1080,0.49012513129186774,Non-Switch
1081,0.48988749810267407,Non-Switch
1082,0.48057227708628036,Non-Switch
1083,0.4539830387771593,Non-Switch
1084,0.4448629979619116,Non-Switch
1085,0.43884699538006233,Non-Switch
1086,0.4303516865242919,Non-Switch
1087,0.41408815389097253,Non-Switch
1088,0.4100149450036077,Non-Switch
1089,0.3995226631216554,Non-Switch
109,0.47438040523565306,Non-Switch
1090,0.40914465874863026,Non-Switch
1091,0.4136402230951329,Non-Switch
1092,0.39691548016422484,Non-Switch
1093,0.4087990810715348,Non-Switch
1094,0.39171053674183276,Non-Switch
1095,0.385208887508299,Non-Switch
1096,0.3751019182648161,Non-Switch
1097,0.3552191130846222,Non-Switch
1098,0.3394290606978761,Non-Switch
1099,0.3257504490892306,Non-Switch
11,0.393181222146065,Non-Switch
110,0.48053634736224976,Non-Switch
1100,0.3201052112316538,Non-Switch
1101,0.30573839526920615,Non-Switch
1102,0.29020179239829835,Non-Switch
1103,0.2720988546279717,Non-Switch
1104,0.2618465097863938,Non-Switch
1105,0.23686709396123437,Non-Switch
1106,0.2203982597131552,Non-Switch
1107,0.2113385073181289,Non-Switch
1108,0.22588018299659002,Non-Switch
1109,0.21839737790575675,Non-Switch
111,0.4684557801219795,Non-Switch
1110,0.21513111230888596,Non-Switch
1111,0.2266869968572425,Non-Switch
1112,0.22178460863259514,Non-Switch
1113,0.22662852045480364,Non-Switch
1114,0.22903236913106684,Non-Switch
1115,0.22328835041837425,Non-Switch
1116,0.2261445563910601,Non-Switch
1117,0.22966251125792334,Non-Switch
1118,0.22799817292467606,Non-Switch
1119,0.2361727546329399,Non-Switch
112,0.4707068239272394,Non-Switch
1120,0.24464564624014368,Non-Switch
1121,0.2446530496270837,Non-Switch
1122,0.265805820413143,Non-Switch
1123,0.2866581586508599,Non-Switch
1124,0.28493705238908307,Non-Switch
1125,0.3004177674543842,Non-Switch
1126,0.29861325660267457,Non-Switch
1127,0.29879000599437555,Non-Switch
1128,0.2956976423326903,Non-Switch
1129,0.29335061335689333,Non-Switch
113,0.4482257405627176,Non-Switch
1130,0.2730965516190288,Non-Switch
1131,0.25844027875880726,Non-Switch
1132,0.2618519717257097,Non-Switch
1133,0.2712503902442895,Non-Switch
1134,0.26698823967414415,Non-Switch
1135,0.2717194957622164,Non-Switch
1136,0.2905108190881235,Non-Switch
1137,0.2978831687521278,Non-Switch
1138,0.31479040775970424,Non-Switch
1139,0.35080897243358133,Non-Switch
114,0.4259466971809471,Non-Switch
1140,0.3761901384870944,Non-Switch
1141,0.3919825982688944,Non-Switch
1142,0.4093509699161546,Non-Switch
1143,0.4226118337680236,Non-Switch
1144,0.41661017201262457,Non-Switch
1145,0.41456241071659544,Non-Switch
1146,0.39593015666602555,Non-Switch
1147,0.3908034147539335,Non-Switch
1148,0.40248054917790915,Non-Switch
1149,0.3951586253801956,Non-Switch
115,0.4065578998202055,Non-Switch
1150,0.3895369437537916,Non-Switch
1151,0.3901088424519242,Non-Switch
1152,0.38827083515720623,Non-Switch
1153,0.39091187696120167,Non-Switch
1154,0.3802131027099468,Non-Switch
1155,0.3784378688884091,Non-Switch
1156,0.37622133107892214,Non-Switch
1157,0.377894004693969,Non-Switch
1158,0.36667613911995794,Non-Switch
1159,0.3710328252464144,Non-Switch
116,0.3855942001467684,Non-Switch
1160,0.3643379113733904,Non-Switch
1161,0.363334959530764,Non-Switch
1162,0.36277934310670584,Non-Switch
1163,0.3647995617324406,Non-Switch
1164,0.38406749750708785,Non-Switch
1165,0.38616521872197795,Non-Switch
1166,0.3899605158534405,Non-Switch
1167,0.3941168963570232,Non-Switch
1168,0.4079897045000185,Non-Switch
1169,0.3993526440817181,Non-Switch
117,0.3895320513057788,Non-Switch
1170,0.3987384218253795,Non-Switch
1171,0.4134110546175804,Non-Switch
1172,0.41345674335166827,Non-Switch
1173,0.4115229579741599,Non-Switch
1174,0.4182922681201406,Non-Switch
1175,0.4180070824071398,Non-Switch
1176,0.4111760342267117,Non-Switch
1177,0.41368133001282786,Non-Switch
1178,0.4244274238141749,Non-Switch
1179,0.4231227192388218,Non-Switch
118,0.39041582415025183,Non-Switch
1180,0.41499623365969973,Non-Switch
1181,0.40506474539547,Non-Switch
1182,0.4176418572800881,Non-Switch
1183,0.4226968174020239,Non-Switch
1184,0.4167802945964351,Non-Switch
1185,0.4318166252435567,Non-Switch
1186,0.4179328155640247,Non-Switch
1187,0.43923901248432695,Non-Switch
1188,0.43900086157576684,Non-Switch
1189,0.44905398800514046,Non-Switch
119,0.3826195917549788,Non-Switch
1190,0.4478725006389989,Non-Switch
1191,0.45517529470612267,Non-Switch
1192,0.46246680249105815,Non-Switch
1193,0.46138414775196906,Non-Switch
1194,0.45611692268979487,Non-Switch
1195,0.4560057165698846,Non-Switch
1196,0.4418812450428652,Non-Switch
1197,0.4378670561632739,Non-Switch
1198,0.43088250419069785,Non-Switch
1199,0.42503822912269507,Non-Switch
12,0.3842535399614163,Non-Switch
120,0.3888943763621407,Non-Switch
1200,0.41542684674273217,Non-Switch
1201,0.42068765208476255,Non-Switch
1202,0.4141954512296662,Non-Switch
1203,0.4168396252358286,Non-Switch
1204,0.3996895499594258,Non-Switch
1205,0.4039225011573042,Non-Switch
1206,0.4001430203524863,Non-Switch
1207,0.3920377353814198,Non-Switch
1208,0.4017529204943529,Non-Switch
1209,0.41149261961928674,Non-Switch
121,0.3722059255588197,Non-Switch
1210,0.42294268232914395,Non-Switch
1211,0.41168961183821534,Non-Switch
1212,0.40467107158923277,Non-Switch
1213,0.41543140267315676,Non-Switch
1214,0.4203959948796813,Non-Switch
1215,0.4177306979233684,Non-Switch
1216,0.4126021181075255,Non-Switch
1217,0.4194881221987007,Non-Switch
1218,0.4007530231959885,Non-Switch
1219,0.39768116122121405,Non-Switch
122,0.37416544158883996,Non-Switch
1220,0.3979598495561661,Non-Switch
1221,0.41193646043213156,Non-Switch
1222,0.42426778504753465,Non-Switch
1223,0.44317181587951465,Non-Switch
1224,0.44035412822769154,Non-Switch
1225,0.467644617418649,Non-Switch
1226,0.48026651202846377,Non-Switch
1227,0.482926605905144,Non-Switch
1228,0.48600191071370524,Non-Switch
1229,0.47053597653631585,Non-Switch
123,0.37908129051701467,Non-Switch
1230,0.48718603844861563,Non-Switch
1231,0.4895699808152394,Non-Switch
1232,0.4853127226931068,Non-Switch
1233,0.5003019926498194,Non-Switch
1234,0.5015581351486009,Non-Switch
1235,0.5096284999484014,Non-Switch
1236,0.4976130618044287,Non-Switch
1237,0.5021488011737667,Non-Switch
1238,0.5011107220721277,Non-Switch
1239,0.5167511276760057,Non-Switch
1240,0.5050703433304967,Non-Switch
1241,0.5177084943284176,Non-Switch
1242,0.5160542774087841,Non-Switch
1243,0.5135988379976556,Non-Switch
1244,0.5194154150795541,Non-Switch
1245,0.5144582521459379,Non-Switch
1246,0.5012743213919212,Non-Switch
1247,0.49553478095174824,Non-Switch
1248,0.5195723875914573,Non-Switch
1249,0.5101620097555127,Non-Switch
125,0.38627919464049865,Non-Switch
1250,0.5136714740247664,Non-Switch
1251,0.5245205939800341,Non-Switch
1252,0.5231031301266714,Non-Switch
1253,0.5324651529737908,Non-Switch
1254,0.5398171821526626,Non-Switch
1255,0.544008689915258,Non-Switch
1256,0.5682588203548885,Non-Switch
1258,0.605954122740839,Non-Switch
1259,0.6054425124629278,Non-Switch
126,0.3830279946771911,Non-Switch
1260,0.606441659068211,Non-Switch
1261,0.6027356685274585,Non-Switch
1262,0.6033490106608742,Non-Switch
1263,0.6190396350432964,Non-Switch
1265,0.6211334992489066,Non-Switch
1266,0.5994336026363987,Non-Switch
1267,0.6028340869790179,Non-Switch
1268,0.6026325906016012,Non-Switch
1269,0.6078010348086597,Non-Switch
127,0.3892814751324242,Non-Switch
1270,0.622831308139194,Non-Switch
1271,0.647040849380496,Non-Switch
1272,0.653394249673451,Non-Switch
1273,0.6617301527362961,Non-Switch
1274,0.6747448410294252,Non-Switch
1275,0.6816788118199005,Non-Switch
1276,0.6888509852908727,Non-Switch
1277,0.6865955408709982,Non-Switch
1278,0.687014686470064,Non-Switch
1279,0.6737895970264157,Non-Switch
128,0.4030856595733985,Non-Switch
1280,0.6546415391710665,Non-Switch
1281,0.6241180996244684,Non-Switch
1282,0.6084562086668833,Non-Switch
1283,0.6050482691653876,Non-Switch
1284,0.6115415054592167,Non-Switch
1285,0.6123917559747131,Non-Switch
1286,0.6189761626489715,Non-Switch
1287,0.6188675451258934,Non-Switch
1288,0.62510570108788,Non-Switch
1289,0.6195449809168737,Non-Switch
129,0.41639904605499234,Non-Switch
1290,0.6190487469041457,Non-Switch
1291,0.6206576116072794,Non-Switch
1292,0.6170517997639322,Non-Switch
1293,0.6140138225216909,Non-Switch
1294,0.6198867792425942,Non-Switch
1295,0.6317047074482719,Non-Switch
1296,0.6330758354183387,Non-Switch
1297,0.6217546589447555,Non-Switch
1298,0.6334588442056274,Non-Switch
1299,0.6457640498789937,Non-Switch
13,0.3974706047548849,Non-Switch
130,0.437076136287171,Non-Switch
1300,0.6458329065547296,Non-Switch
1301,0.6610052938513503,Non-Switch
1302,0.657165524626311,Non-Switch
1303,0.6533091366096091,Non-Switch
1304,0.6581533331774692,Non-Switch
1305,0.6364011469089513,Non-Switch
1306,0.6184334892090741,Non-Switch
1307,0.6048877761617927,Non-Switch
1308,0.585429293774329,Non-Switch
1309,0.5602812826374899,Non-Switch
1310,0.5419356898001151,Non-Switch
1311,0.5195630168709248,Non-Switch
1312,0.5080594478645465,Non-Switch
1313,0.48238553739528267,Non-Switch
1314,0.4771346722650878,Non-Switch
1315,0.46974381413373345,Non-Switch
1316,0.4597733157152428,Non-Switch
1317,0.4747856241837618,Non-Switch
1318,0.4763444254241613,Non-Switch
1319,0.4741954241060258,Non-Switch
132,0.4448156266398828,Non-Switch
1320,0.48371276276307573,Non-Switch
1321,0.48459728630063015,Non-Switch
1322,0.5009242395563378,Non-Switch
1323,0.4942515099581655,Non-Switch
1324,0.5387225680962089,Non-Switch
1325,0.5151863726628922,Non-Switch
1326,0.5270774028431106,Non-Switch
1327,0.5229892318660557,Non-Switch
1328,0.5208691710605039,Non-Switch
1329,0.5143863926978768,Non-Switch
133,0.44987814546456856,Non-Switch
1330,0.5164183376672613,Non-Switch
1331,0.5119628447997207,Non-Switch
1332,0.525294687976728,Non-Switch
1333,0.5217582505284829,Non-Switch
1334,0.5431026292520599,Non-Switch
1335,0.5650355513514002,Non-Switch
1336,0.5660836224368114,Non-Switch
1337,0.5735363998043914,Non-Switch
1338,0.5745581707459878,Non-Switch
1339,0.5729645787641638,Non-Switch
134,0.46603518322421217,Non-Switch
1340,0.5707767484935458,Non-Switch
1341,0.5513450321973267,Non-Switch
1342,0.5480536313252155,Non-Switch
1343,0.5605892221166455,Non-Switch
1344,0.5437556286889444,Non-Switch
1345,0.5545206710191031,Non-Switch
1346,0.5664650262940641,Non-Switch
1347,0.5823905917249746,Non-Switch
1348,0.6030995216981891,Non-Switch
1349,0.6050020368259649,Non-Switch
135,0.4673740055058134,Non-Switch
1350,0.617898063840307,Non-Switch
1351,0.6167471219167852,Non-Switch
1352,0.6239136004747265,Non-Switch
1354,0.6430096793056856,Non-Switch
1355,0.637800024637059,Non-Switch
1356,0.643605936700009,Non-Switch
1357,0.6380986969395555,Non-Switch
1358,0.6247341338985896,Non-Switch
1359,0.6212333673146919,Non-Switch
136,0.469846995603464,Non-Switch
1360,0.6144165564168408,Non-Switch
1361,0.5995033912069941,Non-Switch
1362,0.5934081775620803,Non-Switch
1363,0.5814457538812305,Non-Switch
1364,0.5659702936674987,Non-Switch
1365,0.5681649578337539,Non-Switch
1366,0.5686511998627097,Non-Switch
1367,0.5811738476699788,Non-Switch
1368,0.5778061867351917,Non-Switch
1369,0.5775781831262137,Non-Switch
137,0.4508529074876926,Non-Switch
1370,0.5767775301260218,Non-Switch
1371,0.5525810871846906,Non-Switch
1372,0.5371689958214104,Non-Switch
1373,0.5278652164030149,Non-Switch
1374,0.5217544194051713,Non-Switch
1375,0.5160427322669126,Non-Switch
1376,0.5122613617864071,Non-Switch
1377,0.5184435005129455,Non-Switch
1378,0.4953051206407976,Non-Switch
1379,0.49282596968268644,Non-Switch
1380,0.4814042521081416,Non-Switch
1381,0.4680021544131091,Non-Switch
1382,0.4521361267093386,Non-Switch
1383,0.4520805236493835,Non-Switch
1384,0.4373865090473489,Non-Switch
1385,0.41160623313425093,Non-Switch
1386,0.40034368837891654,Non-Switch
1387,0.3875467787372784,Non-Switch
1388,0.37853721923482797,Non-Switch
1389,0.3822652905065589,Non-Switch
139,0.4293687704211465,Non-Switch
1390,0.3877698898982436,Non-Switch
1391,0.3819760406965316,Non-Switch
1392,0.3895085209605743,Non-Switch
1393,0.39173691454355264,Non-Switch
1394,0.41502750390943244,Non-Switch
1395,0.4451874526888565,Non-Switch
1396,0.4623217892965197,Non-Switch
1397,0.48254494318820806,Non-Switch
1398,0.5232573069539959,Non-Switch
1399,0.5580703620831288,Non-Switch
14,0.39621125239603144,Non-Switch
140,0.4412174770431588,Non-Switch
1400,0.5827158748029059,Non-Switch
1401,0.6002700818167479,Non-Switch
1402,0.6086607595885618,Non-Switch
1403,0.6116558178953255,Non-Switch
1404,0.6171207082116047,Non-Switch
1405,0.6155386095997156,Non-Switch
1406,0.6173911130366937,Non-Switch
1407,0.6202226237956007,Non-Switch
1408,0.6196118702590172,Non-Switch
1409,0.6268634618808004,Non-Switch
141,0.4412380822739429,Non-Switch
1410,0.6233866139316322,Non-Switch
1411,0.6287630260081876,Non-Switch
1412,0.6307175201603534,Non-Switch
1413,0.625863797556151,Non-Switch
1414,0.6302426161855225,Non-Switch
1415,0.6285582162268258,Non-Switch
1418,0.6264214848576748,Non-Switch
1419,0.6202046589335853,Non-Switch
142,0.44883287006373607,Non-Switch
1420,0.6221665047007546,Non-Switch
1421,0.6043077751555753,Non-Switch
1422,0.6035221360170101,Non-Switch
1423,0.6046604973599277,Non-Switch
1424,0.6031605608114918,Non-Switch
1425,0.603497906750661,Non-Switch
1426,0.593317731988764,Non-Switch
1427,0.5835874035843627,Non-Switch
1428,0.5799502697193462,Non-Switch
1429,0.5645348649521208,Non-Switch
143,0.4353238633195347,Non-Switch
1430,0.5589987364510202,Non-Switch
1431,0.5519911459666377,Non-Switch
1432,0.5704151215160908,Non-Switch
1433,0.5732920362634341,Non-Switch
1434,0.5808344826252806,Non-Switch
1435,0.5917046737587622,Non-Switch
1436,0.5969239062356678,Non-Switch
1437,0.6020483442965793,Non-Switch
1438,0.5845064072317216,Non-Switch
1439,0.5895389501050908,Non-Switch
144,0.43027773031279665,Non-Switch
1440,0.5862595603222809,Non-Switch
1441,0.5842716214990433,Non-Switch
1442,0.5899839816724785,Non-Switch
1443,0.5857488301672926,Non-Switch
1444,0.582364395125033,Non-Switch
1445,0.5813651967478133,Non-Switch
1446,0.5619304259073323,Non-Switch
1447,0.5453227652111435,Non-Switch
1448,0.5397794404108495,Non-Switch
1449,0.5335065972513118,Non-Switch
145,0.41280739383631704,Non-Switch
1450,0.543894532794959,Non-Switch
1452,0.526856595533326,Non-Switch
1453,0.5432825367318961,Non-Switch
1454,0.549182259544044,Non-Switch
1455,0.5680466589585235,Non-Switch
1456,0.5874546637077597,Non-Switch
1457,0.5656698093472198,Non-Switch
1458,0.533954579819088,Non-Switch
1459,0.49660107575885803,Non-Switch
1460,0.49506966187294293,Non-Switch
1461,0.4969902454066073,Non-Switch
1462,0.5057637766498999,Non-Switch
1463,0.5093239774170643,Non-Switch
1464,0.5128256758958214,Non-Switch
1465,0.5087854975040351,Non-Switch
1466,0.5043076391598645,Non-Switch
1467,0.4872071613987662,Non-Switch
1468,0.48221282621463996,Non-Switch
1469,0.46059079459484387,Non-Switch
147,0.3972521271822493,Non-Switch
1470,0.47031232177001586,Non-Switch
1471,0.47028317416968557,Non-Switch
1472,0.4621164617957915,Non-Switch
1473,0.4600675356311879,Non-Switch
1474,0.4307051853076938,Non-Switch
1475,0.44089157270198787,Non-Switch
1476,0.4471759610033971,Non-Switch
1477,0.4381759275372891,Non-Switch
1478,0.42709191830546983,Non-Switch
1479,0.4413630597290003,Non-Switch
148,0.41558845284296486,Non-Switch
1480,0.44643769318686066,Non-Switch
1481,0.4692678747201697,Non-Switch
1482,0.46221917731809226,Non-Switch
1483,0.5083526841136954,Non-Switch
1484,0.49087701512774146,Non-Switch
1485,0.49023095313036713,Non-Switch
1486,0.4957242662398635,Non-Switch
1487,0.4802941582426314,Non-Switch
1488,0.4809727847881546,Non-Switch
1489,0.4736827783893817,Non-Switch
149,0.42448481300594426,Non-Switch
1490,0.4708832626873205,Non-Switch
1491,0.46601939278353594,Non-Switch
1492,0.4655088179443576,Non-Switch
1493,0.46306658037707327,Non-Switch
1494,0.46099078457735165,Non-Switch
1495,0.46973905111556225,Non-Switch
1496,0.4712887404951125,Non-Switch
1497,0.48699986656444555,Non-Switch
1498,0.48145395316731937,Non-Switch
1499,0.5025103246073483,Non-Switch
15,0.40751187541076717,Non-Switch
150,0.412636831191045,Non-Switch
151,0.41298432442979627,Non-Switch
152,0.4053266337369812,Non-Switch
154,0.38521898303594454,Non-Switch
155,0.3907845956549636,Non-Switch
156,0.38514725301772496,Non-Switch
157,0.38276781480958916,Non-Switch
159,0.3671331041187419,Non-Switch
16,0.41101657666184965,Non-Switch
160,0.3636370228951105,Non-Switch
161,0.35839180090600986,Non-Switch
163,0.3752837930782448,Non-Switch
164,0.3754523107320194,Non-Switch
167,0.3822255814311533,Non-Switch
168,0.3886230137562237,Non-Switch
169,0.4014376811721306,Non-Switch
17,0.41893659575763736,Non-Switch
170,0.4178714399331338,Non-Switch
171,0.4286176372783541,Non-Switch
172,0.46970690074290666,Non-Switch
173,0.4968802300412398,Non-Switch
174,0.5033356728213193,Non-Switch
175,0.5226695919292187,Non-Switch
176,0.5236840630277483,Non-Switch
177,0.5276930747136752,Non-Switch
178,0.5108136631220447,Non-Switch
179,0.49816236205221637,Non-Switch
18,0.4260314737272008,Non-Switch
180,0.5009886438455223,Non-Switch
181,0.48266163713340254,Non-Switch
182,0.47631522605189436,Non-Switch
183,0.482275263170232,Non-Switch
184,0.48161170225827216,Non-Switch
185,0.4673749891726096,Non-Switch
186,0.47178057389322586,Non-Switch
187,0.4667210060689288,Non-Switch
188,0.4684427335939454,Non-Switch
189,0.4812041535730144,Non-Switch
19,0.44416464630852726,Non-Switch
190,0.4943599721654337,Non-Switch
191,0.5071429810420831,Non-Switch
192,0.5165082137492744,Non-Switch
193,0.5218904242827338,Non-Switch
194,0.5203233913044081,Non-Switch
195,0.5205317733493982,Non-Switch
196,0.5208794219039593,Non-Switch
197,0.5229699209336877,Non-Switch
198,0.5204252267037858,Non-Switch
199,0.517325019593699,Non-Switch
2,0.9641477406733775,Non-Switch
20,0.4258699970568097,Non-Switch
200,0.5186714523499869,Non-Switch
201,0.5209834834966128,Non-Switch
202,0.5162979679145651,Non-Switch
203,0.5142514750309838,Non-Switch
204,0.5129173122236804,Non-Switch
205,0.5128307495456125,Non-Switch
206,0.5159774996267418,Non-Switch
207,0.5107315010585914,Non-Switch
208,0.5149544343867294,Non-Switch
209,0.5160940382561263,Non-Switch
21,0.44008377517453917,Non-Switch
210,0.5172820488862849,Non-Switch
211,0.5168764157626831,Non-Switch
212,0.5116690908312054,Non-Switch
213,0.5161588049488673,Non-Switch
214,0.5131065904240492,Non-Switch
215,0.4936341296136917,Non-Switch
216,0.4858758978199149,Non-Switch
217,0.46030092352157687,Non-Switch
218,0.4518577490060065,Non-Switch
219,0.4376073163571334,Non-Switch
22,0.4358982729565945,Non-Switch
220,0.4234680121702657,Non-Switch
221,0.43737082215054585,Non-Switch
222,0.413903794024585,Non-Switch
223,0.4228660857488799,Non-Switch
224,0.41310104426095906,Non-Switch
225,0.4287368162765075,Non-Switch
226,0.4044845631874745,Non-Switch
227,0.4361432059888549,Non-Switch
228,0.4510952001511842,Non-Switch
229,0.43644042867712535,Non-Switch
23,0.4339128968442208,Non-Switch
230,0.46578388224374456,Non-Switch
231,0.4730456729370467,Non-Switch
232,0.46845909352592474,Non-Switch
233,0.4492885666500722,Non-Switch
234,0.4257558917084474,Non-Switch
235,0.4013116941643086,Non-Switch
236,0.402850537323132,Non-Switch
237,0.37693609443622245,Non-Switch
238,0.3690749659183667,Non-Switch
239,0.3650601298895674,Non-Switch
24,0.4292488407299118,Non-Switch
240,0.3286086741674456,Non-Switch
242,0.3180477168115357,Non-Switch
243,0.3471034996121953,Non-Switch
247,0.386938691455432,Non-Switch
248,0.4008773017299012,Non-Switch
25,0.43160420498750834,Non-Switch
250,0.4241010794115425,Non-Switch
252,0.45793013122686055,Non-Switch
253,0.4733095544981187,Non-Switch
255,0.47064402456809085,Non-Switch
256,0.4600799091240457,Non-Switch
257,0.4594096178603222,Non-Switch
259,0.47583586969051206,Non-Switch
26,0.4297634537801483,Non-Switch
261,0.4745741875945097,Non-Switch
262,0.45775830016914076,Non-Switch
264,0.4725269181318787,Non-Switch
267,0.4500747752799406,Non-Switch
27,0.4103712394715883,Non-Switch
270,0.40860793908144694,Non-Switch
272,0.3874979836869919,Non-Switch
273,0.397001654552768,Non-Switch
278,0.41948268614535317,Non-Switch
28,0.38461159467524286,Non-Switch
282,0.4029888978238118,Non-Switch
284,0.4278381848862178,Non-Switch
285,0.43268815402501354,Non-Switch
286,0.44513231557633115,Non-Switch
287,0.45710618085517907,Non-Switch
29,0.3831859767418588,Non-Switch
290,0.45171656693477963,Non-Switch
292,0.4700722552997999,Non-Switch
293,0.4720300110839743,Non-Switch
294,0.4616572964897002,Non-Switch
295,0.434019754121453,Non-Switch
296,0.4309149651949733,Non-Switch
297,0.4114983921902225,Non-Switch
3,0.907111633511954,Non-Switch
30,0.3600810156548143,Non-Switch
300,0.37830051794049385,Non-Switch
301,0.3904405970219358,Non-Switch
302,0.403182084805397,Non-Switch
303,0.4256957844900043,Non-Switch
304,0.4370641769698064,Non-Switch
305,0.43870338002781323,Non-Switch
306,0.43582496389430725,Non-Switch
309,0.4219730974996843,Non-Switch
31,0.3881306885247122,Non-Switch
311,0.4036885178896439,Non-Switch
312,0.39119136776117164,Non-Switch
313,0.38478663559303455,Non-Switch
314,0.3814666566118961,Non-Switch
315,0.3707074386246099,Non-Switch
316,0.3528490714829872,Non-Switch
318,0.33877903814734844,Non-Switch
319,0.3357076680059722,Non-Switch
32,0.40194965385359827,Non-Switch
320,0.33841466725725144,Non-Switch
321,0.32775267696698174,Non-Switch
322,0.35421046632896497,Non-Switch
323,0.35025408081663617,Non-Switch
324,0.37191421658180185,Non-Switch
325,0.4131914898342753,Non-Switch
326,0.43293717704026885,Non-Switch
327,0.4456090315689446,Non-Switch
328,0.4536954974410412,Non-Switch
329,0.4653323791842765,Non-Switch
33,0.4296150495237597,Non-Switch
330,0.46837511944468896,Non-Switch
332,0.44421388142027524,Non-Switch
334,0.4304799773832945,Non-Switch
335,0.4395651756851811,Non-Switch
336,0.4446208606142299,Non-Switch
337,0.4517791592061816,Non-Switch
338,0.45146195255036686,Non-Switch
339,0.47730960963900626,Non-Switch
34,0.44264167124828513,Non-Switch
340,0.47596519598824755,Non-Switch
341,0.47824486967447133,Non-Switch
342,0.4712769364935578,Non-Switch
343,0.48057647061314845,Non-Switch
344,0.4732693794752833,Non-Switch
345,0.4757352250456771,Non-Switch
346,0.49291926271251807,Non-Switch
347,0.48487799374111124,Non-Switch
348,0.49639957938144147,Non-Switch
349,0.49303238439408414,Non-Switch
35,0.44776916385345844,Non-Switch
350,0.49027516636426066,Non-Switch
351,0.4732053375896553,Non-Switch
352,0.4772041502040634,Non-Switch
353,0.46021648349291133,Non-Switch
354,0.44388067723603764,Non-Switch
355,0.4221478018998878,Non-Switch
356,0.42246803721399623,Non-Switch
357,0.40283086398720747,Non-Switch
358,0.4036455471822298,Non-Switch
359,0.3906663226657015,Non-Switch
36,0.4482656049539331,Non-Switch
360,0.3924274227485355,Non-Switch
361,0.38295908622951863,Non-Switch
362,0.38025467557507153,Non-Switch
363,0.3959725578821366,Non-Switch
364,0.4047022641810605,Non-Switch
365,0.4134767273192127,Non-Switch
366,0.44079160109232923,Non-Switch
367,0.4513978071208655,Non-Switch
368,0.472599191755433,Non-Switch
369,0.4943224375113672,Non-Switch
37,0.45884582147027436,Non-Switch
370,0.4956119211373471,Non-Switch
371,0.5026699374880204,Non-Switch
372,0.5074462092750042,Non-Switch
373,0.5009010457287215,Non-Switch
374,0.5063176328281123,Non-Switch
375,0.5172408901966533,Non-Switch
376,0.505521380442535,Non-Switch
377,0.4941722471231643,Non-Switch
378,0.4954834231905979,Non-Switch
379,0.4828808912850878,Non-Switch
38,0.4448787884025879,Non-Switch
380,0.5043537161834772,Non-Switch
381,0.5016950201490864,Non-Switch
382,0.49399648139825963,Non-Switch
383,0.5098722939980557,Non-Switch
384,0.5181274328397368,Non-Switch
385,0.5257688671444458,Non-Switch
386,0.5403904528071162,Non-Switch
387,0.5328735817819715,Non-Switch
388,0.530185065112074,Non-Switch
389,0.5243519210104496,Non-Switch
39,0.4371415242431518,Non-Switch
390,0.5143456999556749,Non-Switch
391,0.5142337690286517,Non-Switch
392,0.4984820537609901,Non-Switch
393,0.484931474151664,Non-Switch
394,0.48409007663733367,Non-Switch
395,0.4813521695398782,Non-Switch
396,0.488585537439963,Non-Switch
397,0.48305049614953194,Non-Switch
398,0.48732380357202404,Non-Switch
399,0.5051059624229075,Non-Switch
4,0.8161570902865974,Non-Switch
40,0.4419315155933461,Non-Switch
400,0.514886664921663,Non-Switch
401,0.5097236567679522,Non-Switch
402,0.512572459353698,Non-Switch
403,0.5029525604901572,Non-Switch
404,0.5074557870832832,Non-Switch
405,0.5123761919418824,Non-Switch
406,0.5150103480783044,Non-Switch
407,0.4991515166737273,Non-Switch
408,0.5071319018476413,Non-Switch
409,0.5292556553054497,Non-Switch
41,0.4295922180996999,Non-Switch
410,0.5086252633601235,Non-Switch
411,0.5204165807903663,Non-Switch
412,0.5197998734810688,Non-Switch
413,0.5394979563913187,Non-Switch
414,0.5431889848423812,Non-Switch
415,0.5445333984931399,Non-Switch
416,0.5424804341174781,Non-Switch
417,0.5497255542471811,Non-Switch
418,0.5484063535295677,Non-Switch
419,0.5414100493273736,Non-Switch
42,0.42860521201355967,Non-Switch
420,0.5249186166289495,Non-Switch
421,0.5016368802642357,Non-Switch
422,0.48293354334465427,Non-Switch
423,0.4647644410392972,Non-Switch
424,0.44775818820289004,Non-Switch
425,0.43044107077290694,Non-Switch
426,0.40873736892305573,Non-Switch
427,0.39370735445220467,Non-Switch
428,0.4126827270128795,Non-Switch
429,0.4142696404148764,Non-Switch
43,0.43594766338415236,Non-Switch
430,0.41730658221838474,Non-Switch
431,0.3876970467833862,Non-Switch
432,0.3922921167921177,Non-Switch
433,0.3776203123509031,Non-Switch
434,0.35605887978294826,Non-Switch
435,0.3460120954158134,Non-Switch
436,0.35657253505235686,Non-Switch
437,0.34304473509515393,Non-Switch
438,0.402278845712746,Non-Switch
439,0.40275041039766346,Non-Switch
44,0.4470554877068277,Non-Switch
440,0.3980308547672726,Non-Switch
441,0.40033416234257413,Non-Switch
442,0.3986055232640156,Non-Switch
443,0.3936463412248703,Non-Switch
444,0.3933252775597756,Non-Switch
445,0.4053590688552884,Non-Switch
446,0.4133183569650202,Non-Switch
447,0.4418059168750489,Non-Switch
448,0.4349137260374448,Non-Switch
449,0.4455193108027414,Non-Switch
45,0.45827658902687896,Non-Switch
450,0.43604349323887953,Non-Switch
451,0.43485294578382533,Non-Switch
452,0.4089032979799982,Non-Switch
453,0.40815677253956706,Non-Switch
454,0.39470254050433456,Non-Switch
455,0.364781493326552,Non-Switch
456,0.3438981436987856,Non-Switch
457,0.3467671373398224,Non-Switch
458,0.3340826245726373,Non-Switch
459,0.3460323123570727,Non-Switch
46,0.45000633277969787,Non-Switch
460,0.353345124293937,Non-Switch
461,0.3532269289625799,Non-Switch
462,0.33071799229614385,Non-Switch
463,0.31770268273977503,Non-Switch
464,0.29468684704166237,Non-Switch
465,0.27856434116375994,Non-Switch
466,0.25803700125832263,Non-Switch
467,0.23662317048173848,Non-Switch
468,0.21911338378953651,Non-Switch
469,0.23370584773784492,Non-Switch
47,0.4447886534608915,Non-Switch
470,0.22703482661358193,Non-Switch
471,0.22189516760329733,Non-Switch
472,0.22235482474278676,Non-Switch
473,0.23783310652706566,Non-Switch
474,0.2525283118836431,Non-Switch
476,0.27569180114506303,Non-Switch
477,0.2968529589848586,Non-Switch
478,0.30136853318487394,Non-Switch
479,0.3089266664435235,Non-Switch
48,0.4397709173614024,Non-Switch
480,0.30795066189392,Non-Switch
481,0.3220159322113876,Non-Switch
482,0.33813106058831827,Non-Switch
483,0.33480530903624406,Non-Switch
484,0.3097687628789985,Non-Switch
485,0.2986111598392405,Non-Switch
486,0.2945525506380091,Non-Switch
487,0.2909727541928252,Non-Switch
488,0.28527760818832404,Non-Switch
489,0.2938590914326376,Non-Switch
49,0.429167196385825,Non-Switch
490,0.31006992023445384,Non-Switch
491,0.30455685613112793,Non-Switch
492,0.3153994528223785,Non-Switch
493,0.3354539337444823,Non-Switch
494,0.3483284754051174,Non-Switch
495,0.3502913566110195,Non-Switch
496,0.36511399858964494,Non-Switch
497,0.38774224368407595,Non-Switch
498,0.3819754970911969,Non-Switch
499,0.3649739813869926,Non-Switch
5,0.7050219497014735,Non-Switch
50,0.4418064345944153,Non-Switch
500,0.35936405199020666,Non-Switch
501,0.3488424671921142,Non-Switch
502,0.3379486939414915,Non-Switch
503,0.33082495311724935,Non-Switch
504,0.31954814519336966,Non-Switch
505,0.3208215018610851,Non-Switch
506,0.32123917195995666,Non-Switch
507,0.32741199173789914,Non-Switch
508,0.3366059628786737,Non-Switch
509,0.34267604124834716,Non-Switch
51,0.43524480757228007,Non-Switch
510,0.3391888130258819,Non-Switch
511,0.33165905078851293,Non-Switch
512,0.29186682965269034,Non-Switch
513,0.27552460367567283,Non-Switch
514,0.2713727791025148,Non-Switch
515,0.2597629481961757,Non-Switch
516,0.2707608865833251,Non-Switch
517,0.2838109092232134,Non-Switch
518,0.29143864985068013,Non-Switch
519,0.3032172054985404,Non-Switch
52,0.4173155646493924,Non-Switch
520,0.317161640115882,Non-Switch
521,0.3471391704765427,Non-Switch
522,0.38203058243178556,Non-Switch
523,0.39732088031411184,Non-Switch
524,0.39497625873336883,Non-Switch
525,0.3831841129521396,Non-Switch
526,0.3795302567515872,Non-Switch
527,0.36552009766067667,Non-Switch
528,0.3649917391612613,Non-Switch
529,0.34912032717607994,Non-Switch
53,0.41958620413267184,Non-Switch
530,0.3645682447195174,Non-Switch
531,0.3488861627066413,Non-Switch
532,0.3455778324112477,Non-Switch
533,0.34303414773411034,Non-Switch
534,0.35993589891640254,Non-Switch
535,0.38877250522328183,Non-Switch
536,0.40886995685279975,Non-Switch
537,0.424359447261362,Non-Switch
538,0.4294940326218555,Non-Switch
539,0.4094946370403404,Non-Switch
54,0.4121963037821454,Non-Switch
540,0.39138313101449923,Non-Switch
541,0.3738685554181577,Non-Switch
542,0.35258332613219606,Non-Switch
543,0.35095848978660776,Non-Switch
544,0.36042905249890034,Non-Switch
545,0.3689228858544764,Non-Switch
546,0.39395904372219714,Non-Switch
547,0.39173013241985233,Non-Switch
548,0.4026521731478824,Non-Switch
549,0.42018546429932047,Non-Switch
55,0.41769324092720683,Non-Switch
550,0.4435472659640534,Non-Switch
551,0.4290940167533794,Non-Switch
552,0.43559343979363746,Non-Switch
553,0.44507867984996846,Non-Switch
554,0.4391691203698582,Non-Switch
555,0.4359454889628134,Non-Switch
556,0.4440860565087024,Non-Switch
557,0.4566739369561424,Non-Switch
558,0.46504980795407624,Non-Switch
559,0.4825147083772083,Non-Switch
56,0.3964352436799196,Non-Switch
560,0.48376525950683225,Non-Switch
561,0.48097728894664254,Non-Switch
562,0.4779236248075983,Non-Switch
563,0.46118731084885045,Non-Switch
564,0.4748299927334653,Non-Switch
565,0.45566598912162987,Non-Switch
566,0.4636863422306327,Non-Switch
567,0.45246917557776634,Non-Switch
568,0.45106574191923404,Non-Switch
569,0.4497588629225419,Non-Switch
57,0.35725569164233634,Non-Switch
570,0.4475119608722135,Non-Switch
571,0.4560543821903295,Non-Switch
572,0.44918812909298383,Non-Switch
573,0.43651648165205464,Non-Switch
574,0.4379088878880819,Non-Switch
575,0.4330857624984357,Non-Switch
576,0.43462074864797917,Non-Switch
577,0.43729880738667476,Non-Switch
578,0.4250588602394475,Non-Switch
579,0.4327448442956382,Non-Switch
58,0.36785112910805073,Non-Switch
580,0.42035193696159767,Non-Switch
581,0.4297032171318636,Non-Switch
582,0.4127701180419337,Non-Switch
583,0.4324052721631934,Non-Switch
584,0.4388740203309902,Non-Switch
585,0.4338620050305002,Non-Switch
586,0.43363974810648964,Non-Switch
587,0.4408858260170204,Non-Switch
588,0.48086566865123914,Non-Switch
589,0.4926187783922391,Non-Switch
59,0.3779847091269684,Non-Switch
590,0.5048316229306336,Non-Switch
591,0.5132016436997267,Non-Switch
592,0.521182857224627,Non-Switch
593,0.5149195401014316,Non-Switch
594,0.5208377972668979,Non-Switch
595,0.5313091891724145,Non-Switch
596,0.5286707359652513,Non-Switch
597,0.5253922263053643,Non-Switch
598,0.5560979548408842,Non-Switch
599,0.5571063686228266,Non-Switch
6,0.5914634165340035,Non-Switch
60,0.3857397828326099,Non-Switch
600,0.5684169318493978,Non-Switch
601,0.5639966956707114,Non-Switch
602,0.5658400872468403,Non-Switch
603,0.5599816784401339,Non-Switch
604,0.5432534409035024,Non-Switch
605,0.5437981852208654,Non-Switch
606,0.5316369573033046,Non-Switch
607,0.5335014200576473,Non-Switch
608,0.534707292005948,Non-Switch
609,0.5406851386704911,Non-Switch
61,0.38356963267835553,Non-Switch
610,0.5305371660531865,Non-Switch
611,0.5049545812801618,Non-Switch
612,0.5135213354085003,Non-Switch
613,0.5159049153715676,Non-Switch
614,0.5072210013506049,Non-Switch
615,0.4905811385098238,Non-Switch
616,0.47076983037413456,Non-Switch
617,0.4705849527883806,Non-Switch
618,0.4532572479973539,Non-Switch
619,0.4487693976694111,Non-Switch
620,0.42910693385157195,Non-Switch
621,0.42120078963480473,Non-Switch
622,0.4097722640505912,Non-Switch
623,0.410835426655534,Non-Switch
624,0.41518960184306325,Non-Switch
625,0.4250114112595137,Non-Switch
626,0.42437655788642265,Non-Switch
627,0.42971018045734216,Non-Switch
628,0.4200665700468187,Non-Switch
629,0.4235527887165194,Non-Switch
630,0.4256244168753412,Non-Switch
631,0.4237645359373914,Non-Switch
632,0.41642433664604267,Non-Switch
633,0.4275337400127856,Non-Switch
634,0.40508553182803236,Non-Switch
635,0.4139618303655624,Non-Switch
636,0.3991097819269234,Non-Switch
637,0.36501431172563786,Non-Switch
638,0.3446212682238538,Non-Switch
639,0.3282760912464477,Non-Switch
64,0.3971376853162988,Non-Switch
641,0.2932862349536771,Non-Switch
642,0.28313898714348557,Non-Switch
643,0.27953361536159976,Non-Switch
644,0.27064727306836095,Non-Switch
645,0.25520968402628386,Non-Switch
646,0.257734290744768,Non-Switch
647,0.258615966825807,Non-Switch
648,0.2585693979687962,Non-Switch
649,0.2569620864237617,Non-Switch
65,0.38693322951611614,Non-Switch
650,0.26198046967245886,Non-Switch
651,0.2629693654342866,Non-Switch
652,0.271630085627633,Non-Switch
653,0.26387941253660624,Non-Switch
654,0.2637734871542336,Non-Switch
655,0.25859590520035763,Non-Switch
656,0.2667291470172117,Non-Switch
657,0.26728297730945566,Non-Switch
658,0.277115399972918,Non-Switch
659,0.2904185097250881,Non-Switch
66,0.4061984213781213,Non-Switch
660,0.3042085086554221,Non-Switch
661,0.2868505949393639,Non-Switch
662,0.263381314734159,Non-Switch
663,0.24931780466253736,Non-Switch
664,0.24724741903019504,Non-Switch
665,0.2391051171244284,Non-Switch
666,0.2466573483823006,Non-Switch
667,0.23245071479182797,Non-Switch
668,0.2369389792952639,Non-Switch
669,0.23069176324436466,Non-Switch
67,0.4069037363569842,Non-Switch
670,0.262178471444152,Non-Switch
671,0.27825070677157354,Non-Switch
672,0.27828521276734647,Non-Switch
673,0.30135344166534234,Non-Switch
674,0.30836620934338915,Non-Switch
676,0.30414979927926833,Non-Switch
677,0.30244463877397765,Non-Switch
678,0.3355009167769863,Non-Switch
679,0.34970767979730055,Non-Switch
68,0.4051313499919619,Non-Switch
680,0.38197298615226966,Non-Switch
682,0.4052411064976461,Non-Switch
683,0.39882462209989095,Non-Switch
684,0.40997409694559594,Non-Switch
685,0.39609769065300393,Non-Switch
686,0.39641841780051046,Non-Switch
688,0.4107970636504812,Non-Switch
689,0.410062678729193,Non-Switch
69,0.4032163578274551,Non-Switch
690,0.4476625136639728,Non-Switch
691,0.4564206168701457,Non-Switch
692,0.4620501419449512,Non-Switch
693,0.4612221015902749,Non-Switch
695,0.48892091604553967,Non-Switch
696,0.49557868355402196,Non-Switch
697,0.5165744300562415,Non-Switch
698,0.5110014917081873,Non-Switch
699,0.510528969242442,Non-Switch
7,0.4926203315503384,Non-Switch
70,0.40534796377487836,Non-Switch
700,0.5255013097758722,Non-Switch
701,0.4951771404134149,Non-Switch
702,0.49439631606495743,Non-Switch
703,0.4936764272859294,Non-Switch
704,0.48480126773100557,Non-Switch
705,0.4737336184311657,Non-Switch
707,0.4688193744330269,Non-Switch
708,0.4728970357069432,Non-Switch
709,0.46706497881598824,Non-Switch
71,0.42218018524625833,Non-Switch
710,0.4621853184715274,Non-Switch
711,0.46620955110682755,Non-Switch
712,0.4560572296468449,Non-Switch
713,0.4612754266850177,Non-Switch
714,0.4530835531499149,Non-Switch
715,0.4604599151390091,Non-Switch
716,0.46932021614811625,Non-Switch
717,0.4822860835049905,Non-Switch
718,0.4882336435865971,Non-Switch
719,0.5031872944508989,Non-Switch
72,0.4213882817033592,Non-Switch
720,0.5225711217057227,Non-Switch
721,0.5244070063510383,Non-Switch
722,0.5350829491782334,Non-Switch
723,0.5314385154701501,Non-Switch
724,0.5308474870414277,Non-Switch
725,0.5293646352320842,Non-Switch
726,0.5305655888464038,Non-Switch
727,0.5269938947093046,Non-Switch
728,0.5237198892079056,Non-Switch
729,0.5234251515725941,Non-Switch
73,0.43055178505941905,Non-Switch
730,0.5279678283814423,Non-Switch
731,0.5406089821516885,Non-Switch
732,0.5375081020064254,Non-Switch
733,0.5403601662241797,Non-Switch
734,0.5312942788546612,Non-Switch
735,0.5365556536879947,Non-Switch
736,0.5366518459462783,Non-Switch
737,0.5363146035509825,Non-Switch
738,0.5325181674369138,Non-Switch
739,0.5666611383900698,Non-Switch
74,0.46461859949377243,Non-Switch
740,0.5911325420869148,Non-Switch
741,0.5995932672890073,Non-Switch
742,0.6088875206710603,Non-Switch
743,0.6171314250024899,Non-Switch
744,0.606964037908944,Non-Switch
745,0.6034645656234625,Non-Switch
746,0.6023928865349418,Non-Switch
747,0.6185705812973062,Non-Switch
748,0.6165251756243944,Non-Switch
749,0.6252999493941664,Non-Switch
75,0.4915454426017459,Non-Switch
750,0.6304005205922852,Non-Switch
751,0.6433127522227967,Non-Switch
752,0.6407728727830028,Non-Switch
753,0.6379970686279243,Non-Switch
754,0.6446007862345506,Non-Switch
755,0.658759686099438,Non-Switch
756,0.6558948342133326,Non-Switch
757,0.6643018719171259,Non-Switch
758,0.6703667989791033,Non-Switch
759,0.6728616886059541,Non-Switch
76,0.4970634509250212,Non-Switch
760,0.6675357023956895,Non-Switch
761,0.6633954488503713,Non-Switch
762,0.6601495555105698,Non-Switch
763,0.6524930555722974,Non-Switch
764,0.6425450779462468,Non-Switch
765,0.6502825491934294,Non-Switch
766,0.6397380035414356,Non-Switch
767,0.63658302172238,Non-Switch
768,0.6492479388115455,Non-Switch
769,0.6471031310202782,Non-Switch
77,0.48649074133949327,Non-Switch
770,0.6287646827101602,Non-Switch
771,0.6209562839097759,Non-Switch
772,0.6290484446949033,Non-Switch
773,0.6288350925439954,Non-Switch
774,0.6336746296375575,Non-Switch
775,0.6379473157968099,Non-Switch
776,0.6332097176464988,Non-Switch
777,0.6324710874264058,Non-Switch
778,0.6271709354125263,Non-Switch
779,0.6319196645292158,Non-Switch
78,0.4772296737688287,Non-Switch
780,0.6397283221892832,Non-Switch
781,0.6421831921091087,Non-Switch
782,0.6459970753658262,Non-Switch
783,0.6470917411942165,Non-Switch
784,0.6413042081687751,Non-Switch
785,0.6405347736463792,Non-Switch
786,0.6494449310304741,Non-Switch
787,0.6454197147283778,Non-Switch
788,0.6391598663249375,Non-Switch
789,0.6426172997978644,Non-Switch
79,0.47018765494657827,Non-Switch
790,0.648829466247656,Non-Switch
791,0.6360405035982927,Non-Switch
792,0.611635419752288,Non-Switch
793,0.6033557410126379,Non-Switch
794,0.5910128453693949,Non-Switch
795,0.5769043713707984,Non-Switch
796,0.5591490303830963,Non-Switch
797,0.5525443808816103,Non-Switch
798,0.5474988950240802,Non-Switch
799,0.537786272622011,Non-Switch
8,0.40955148262677493,Non-Switch
80,0.47862461682975144,Non-Switch
800,0.5373229137890515,Non-Switch
801,0.5268549388313534,Non-Switch
802,0.521684320202956,Non-Switch
803,0.5140097518587952,Non-Switch
804,0.4996666992152669,Non-Switch
805,0.5003349713734614,Non-Switch
806,0.495236522824745,Non-Switch
807,0.5026750111378114,Non-Switch
808,0.4875456463205415,Non-Switch
809,0.4794855323641964,Non-Switch
81,0.4786916097157682,Non-Switch
810,0.48344706918422126,Non-Switch
811,0.463934640438775,Non-Switch
812,0.46728842649454166,Non-Switch
813,0.46891479011226095,Non-Switch
814,0.47484360875280257,Non-Switch
815,0.4656856191079952,Non-Switch
816,0.4688418434535302,Non-Switch
817,0.4615071061014974,Non-Switch
818,0.465320834042405,Non-Switch
819,0.4631344533860129,Non-Switch
82,0.4836780755655246,Non-Switch
820,0.46862414245994427,Non-Switch
821,0.45572350774324083,Non-Switch
822,0.46663004277624615,Non-Switch
823,0.45137119634543077,Non-Switch
824,0.4532903820368057,Non-Switch
825,0.44812561363724907,Non-Switch
826,0.44564325281906597,Non-Switch
827,0.44648770487765826,Non-Switch
828,0.43510673181725185,Non-Switch
829,0.4192936668046677,Non-Switch
83,0.4865796337547102,Non-Switch
830,0.4243498435671146,Non-Switch
831,0.4005815027698885,Non-Switch
832,0.4139407850733168,Non-Switch
833,0.39760301148285065,Non-Switch
834,0.3919734087501402,Non-Switch
835,0.3865619470724772,Non-Switch
836,0.3795509914122129,Non-Switch
837,0.3682541995207888,Non-Switch
838,0.374538743138008,Non-Switch
839,0.3674565751788906,Non-Switch
84,0.499648527265505,Non-Switch
840,0.3569816627816822,Non-Switch
841,0.3723675834309891,Non-Switch
842,0.36129278960389233,Non-Switch
843,0.37508615371010817,Non-Switch
844,0.39413926183365317,Non-Switch
845,0.4074837114772331,Non-Switch
846,0.4152600116768984,Non-Switch
847,0.41820024350275675,Non-Switch
848,0.41541827848721763,Non-Switch
849,0.4189005624897335,Non-Switch
85,0.4999356544261299,Non-Switch
850,0.4169354292045874,Non-Switch
851,0.4058206674424019,Non-Switch
852,0.4024896610387584,Non-Switch
853,0.41397311664775066,Non-Switch
854,0.41456634538378034,Non-Switch
855,0.40978751088593274,Non-Switch
856,0.4157989834233257,Non-Switch
857,0.4242510109400621,Non-Switch
858,0.4219411283288069,Non-Switch
859,0.43890218426452426,Non-Switch
86,0.4941435136983272,Non-Switch
860,0.4374747284273894,Non-Switch
861,0.4459064613449616,Non-Switch
862,0.4488100904116129,Non-Switch
863,0.47054172322128324,Non-Switch
864,0.47207277470364184,Non-Switch
865,0.47373341134341906,Non-Switch
866,0.48944225944753983,Non-Switch
867,0.4757328435365915,Non-Switch
868,0.4786765958541415,Non-Switch
869,0.46950250513703806,Non-Switch
87,0.49481380496205074,Non-Switch
870,0.48242032813670715,Non-Switch
871,0.459364628047379,Non-Switch
872,0.4646861618710922,Non-Switch
873,0.449028205580692,Non-Switch
874,0.4391878618109232,Non-Switch
875,0.4633582634681228,Non-Switch
876,0.4579420905442252,Non-Switch
877,0.4585868582431835,Non-Switch
878,0.4570841777821056,Non-Switch
879,0.4278153793481263,Non-Switch
88,0.49475374951554424,Non-Switch
880,0.452385719215897,Non-Switch
881,0.42335196537427927,Non-Switch
882,0.43566550632944523,Non-Switch
883,0.42301689740032244,Non-Switch
884,0.4363611658421241,Non-Switch
885,0.45853011620062223,Non-Switch
886,0.4558607033753461,Non-Switch
887,0.4686975550661047,Non-Switch
888,0.4785365527655209,Non-Switch
889,0.4832936689359465,Non-Switch
89,0.5019468388489204,Non-Switch
890,0.5066704585763377,Non-Switch
891,0.5041525304376806,Non-Switch
892,0.49780896681268777,Non-Switch
893,0.5041858197929423,Non-Switch
894,0.4990378255008582,Non-Switch
895,0.49416691461369006,Non-Switch
896,0.49841231696233124,Non-Switch
897,0.5062192661484896,Non-Switch
898,0.5036219198590213,Non-Switch
899,0.510460423198326,Non-Switch
9,0.40106435373699423,Non-Switch
90,0.4945434519088983,Non-Switch
900,0.5133139370303064,Non-Switch
901,0.5197728485301409,Non-Switch
902,0.5313922831307274,Non-Switch
903,0.5475941553875043,Non-Switch
904,0.5568211052519209,Non-Switch
905,0.5591717064913462,Non-Switch
906,0.5636985410875814,Non-Switch
907,0.571038559177152,Non-Switch
908,0.5718138957003251,Non-Switch
909,0.5681671322550929,Non-Switch
91,0.48514870919782016,Non-Switch
910,0.5626767183740485,Non-Switch
911,0.5591818020189916,Non-Switch
912,0.5655032590270377,Non-Switch
913,0.5609259985645115,Non-Switch
914,0.5604942723848413,Non-Switch
915,0.550669822599622,Non-Switch
916,0.545424652382458,Non-Switch
917,0.5429642946373484,Non-Switch
918,0.5360660982550937,Non-Switch
919,0.5274766162465687,Non-Switch
92,0.4859683107268236,Non-Switch
920,0.5210285768534293,Non-Switch
921,0.5167688854502744,Non-Switch
922,0.5141542473339672,Non-Switch
923,0.5107828588197417,Non-Switch
924,0.5089025020808494,Non-Switch
925,0.5009746654226286,Non-Switch
926,0.4882734562058759,Non-Switch
927,0.4942610877664446,Non-Switch
928,0.49916083562232316,Non-Switch
929,0.5046583940306243,Non-Switch
93,0.47900778093285007,Non-Switch
930,0.5069080399935948,Non-Switch
931,0.5073293600139998,Non-Switch
932,0.513950680079085,Non-Switch
933,0.5131734797661925,Non-Switch
934,0.5067049386861423,Non-Switch
935,0.5054222371838627,Non-Switch
936,0.5152143295086797,Non-Switch
937,0.5144133141049314,Non-Switch
938,0.5283868186646983,Non-Switch
939,0.5626256194725814,Non-Switch
94,0.48392347454521484,Non-Switch
940,0.5611832015457565,Non-Switch
941,0.5714943593073614,Non-Switch
942,0.5794683765330683,Non-Switch
943,0.5780670655239384,Non-Switch
944,0.5955689311098339,Non-Switch
945,0.5982600881485003,Non-Switch
946,0.5852891471418349,Non-Switch
947,0.5897734769780859,Non-Switch
948,0.594017740344121,Non-Switch
949,0.5921936079284236,Non-Switch
95,0.4869211732207474,Non-Switch
950,0.5819367589283576,Non-Switch
951,0.5946727071145981,Non-Switch
952,0.5908835190716595,Non-Switch
953,0.5907387129648676,Non-Switch
954,0.5870690145517022,Non-Switch
955,0.5830264028788936,Non-Switch
956,0.580089122053424,Non-Switch
957,0.5909152552688219,Non-Switch
958,0.5914321462842708,Non-Switch
959,0.5857655007308918,Non-Switch
96,0.4700275243465399,Non-Switch
960,0.5762088154019929,Non-Switch
961,0.5627334604166098,Non-Switch
962,0.5638046735577007,Non-Switch
963,0.5694313511759908,Non-Switch
964,0.5706521334420448,Non-Switch
965,0.5651809269494952,Non-Switch
966,0.5633125295279675,Non-Switch
967,0.5553013918236872,Non-Switch
968,0.5583215077477864,Non-Switch
969,0.5511577731024871,Non-Switch
97,0.48473437838886213,Non-Switch
970,0.5540273880067637,Non-Switch
971,0.5541814612902147,Non-Switch
972,0.5600427693253732,Non-Switch
973,0.5672446081160422,Non-Switch
974,0.5701659949569622,Non-Switch
975,0.577430736650653,Non-Switch
976,0.5885427545001964,Non-Switch
977,0.6014482040070077,Non-Switch
978,0.6045779728929178,Non-Switch
979,0.6186535717117457,Non-Switch
98,0.4787657989009783,Non-Switch
980,0.6239921385026147,Non-Switch
981,0.6280620339860344,Non-Switch
982,0.6271183351248965,Non-Switch
983,0.6248602503362531,Non-Switch
984,0.6221928048445695,Non-Switch
985,0.6093501546969068,Non-Switch
986,0.6003690179876737,Non-Switch
987,0.5805582275713509,Non-Switch
988,0.5705753038880658,Non-Switch
989,0.5434952676195642,Non-Switch
99,0.4868876250058024,Non-Switch
990,0.5349650644784961,Non-Switch
991,0.526123919085947,Non-Switch
992,0.5168810234650443,Non-Switch
993,0.491204576170885,Non-Switch
994,0.463181048128992,Non-Switch
995,0.4680183072573419,Non-Switch
996,0.4697304052021428,Non-Switch
997,0.47536966340103726,Non-Switch
998,0.4769248406058717,Non-Switch
999,0.470642989129358,Non-Switch
