,id,frame_id,oid,hid,score_vs_top_post,switch,score_vs_top_pre,diff_vs_top
0,group1.centroids_sample_1_17032_18532,79,3,8,-0.99470186,False,1.2324022,-2.2271042
1,group1.centroids_sample_1_17032_18532,79,6,3,-0.26458132,False,0.0,-0.26458132
2,group1.centroids_sample_1_17032_18532,79,8,6,-4.465097,False,4.199489,-8.664586
3,group1.centroids_sample_1_17032_18532,85,3,6,-2.4856007,False,1.1445543,-3.630155
4,group1.centroids_sample_1_17032_18532,85,6,8,-0.6769676,False,0.0,-0.6769676
5,group1.centroids_sample_1_17032_18532,85,8,3,-3.4770882,False,3.8264134,-7.3035016
6,group1.centroids_sample_1_17032_18532,91,3,8,-0.69941616,False,2.8143308,-3.513747
7,group1.centroids_sample_1_17032_18532,91,6,6,-1.3640219,False,0.26466024,-1.6286821
8,group1.centroids_sample_1_17032_18532,92,1,8,-4.274839,False,4.63284,-8.907679
9,group1.centroids_sample_1_17032_18532,92,3,3,-1.433048,False,1.3385545,-2.7716026
10,group1.centroids_sample_1_17032_18532,92,8,1,-0.75923514,False,0.9212177,-1.6804528
11,group1.centroids_sample_1_17032_18532,95,3,6,-2.9278574,False,2.2767622,-5.2046194
12,group1.centroids_sample_1_17032_18532,95,6,3,-1.0409107,False,0.0,-1.0409107
13,group1.centroids_sample_1_17032_18532,100,3,1,0.0,False,1.19022,-1.19022
14,group1.centroids_sample_1_17032_18532,100,8,6,-5.0552845,False,4.8958077,-9.951092
15,group1.centroids_sample_1_17032_18532,101,3,6,-1.7112708,False,1.7121538,-3.4234247
16,group1.centroids_sample_1_17032_18532,101,8,1,0.0,False,4.02741,-4.02741
17,group1.centroids_sample_1_17032_18532,103,3,1,0.0,False,1.3374363,-1.3374363
18,group1.centroids_sample_1_17032_18532,103,8,6,-5.0911884,False,4.7955585,-9.886747
19,group1.centroids_sample_1_17032_18532,104,3,6,-1.2062194,False,1.1591711,-2.3653905
20,group1.centroids_sample_1_17032_18532,104,8,1,0.0,False,4.645099,-4.645099
21,group1.centroids_sample_1_17032_18532,139,0,8,-6.2672567,False,4.040516,-10.307773
22,group1.centroids_sample_1_17032_18532,139,1,0,-6.52241,False,6.4743633,-12.996773
23,group1.centroids_sample_1_17032_18532,140,0,0,-4.5994806,False,5.666092,-10.265573
24,group1.centroids_sample_1_17032_18532,140,1,8,-7.5002537,False,5.5688415,-13.069096
25,group1.centroids_sample_1_17032_18532,141,0,8,-6.594612,False,4.777773,-11.372385
26,group1.centroids_sample_1_17032_18532,141,1,0,-6.9113684,False,6.8355393,-13.746908
27,group1.centroids_sample_1_17032_18532,144,0,0,-4.7255154,False,5.578489,-10.304005
28,group1.centroids_sample_1_17032_18532,144,1,8,-8.039732,False,6.8578386,-14.897571
29,group1.centroids_sample_1_17032_18532,147,0,8,-6.958721,False,5.808141,-12.766863
30,group1.centroids_sample_1_17032_18532,147,1,0,-7.473822,False,7.228429,-14.702251
31,group1.centroids_sample_1_17032_18532,148,0,0,-5.135434,False,6.118483,-11.253918
32,group1.centroids_sample_1_17032_18532,148,1,8,-8.226292,False,7.2025976,-15.428889
33,group1.centroids_sample_1_17032_18532,150,0,8,-7.669504,False,6.656658,-14.326162
34,group1.centroids_sample_1_17032_18532,150,1,0,-7.5136676,False,7.361852,-14.87552
35,group1.centroids_sample_1_17032_18532,210,4,5,-1.2080278,False,0.0,-1.2080278
36,group1.centroids_sample_1_17032_18532,210,5,4,-0.8976221,False,0.0,-0.8976221
37,group1.centroids_sample_1_17032_18532,257,8,9,-4.83186,False,5.154883,-9.986743
38,group1.centroids_sample_1_17032_18532,257,9,1,-7.3097906,False,3.012011,-10.321802
39,group1.centroids_sample_1_17032_18532,554,0,3,-8.233848,False,2.9245672,-11.158415
40,group1.centroids_sample_1_17032_18532,554,6,8,-5.4647493,False,0.0,-5.4647493
41,group1.centroids_sample_1_17032_18532,682,0,4,-6.4253454,False,6.7490935,-13.174438
42,group1.centroids_sample_1_17032_18532,682,5,3,-4.847994,False,2.5997412,-7.447735
43,group1.centroids_sample_1_17032_18532,683,0,3,-7.710841,False,5.0590634,-12.769905
44,group1.centroids_sample_1_17032_18532,683,5,4,-2.082972,False,3.6040764,-5.6870484
45,group1.centroids_sample_1_17032_18532,684,0,4,-6.135001,False,6.139149,-12.274151
46,group1.centroids_sample_1_17032_18532,684,5,3,-4.694046,False,2.4452777,-7.1393237
47,group1.centroids_sample_1_17032_18532,692,0,3,-8.485048,False,6.9089503,-15.393999
48,group1.centroids_sample_1_17032_18532,692,5,4,-2.0172148,False,3.1485822,-5.165797
49,group1.centroids_sample_1_17032_18532,699,0,4,-7.1234536,False,7.218543,-14.341997
50,group1.centroids_sample_1_17032_18532,699,5,3,-6.0404196,False,4.4958086,-10.536228
51,group1.centroids_sample_1_17032_18532,704,0,3,-9.496573,False,7.5593133,-17.055887
52,group1.centroids_sample_1_17032_18532,704,5,4,-3.5182676,False,5.374396,-8.892664
53,group1.centroids_sample_1_17032_18532,708,0,0,-6.10468,False,7.702721,-13.807402
54,group1.centroids_sample_1_17032_18532,708,1,3,-3.057477,False,2.3323352,-5.3898125
55,group1.centroids_sample_1_17032_18532,711,4,4,-5.0446596,False,7.390433,-12.435093
56,group1.centroids_sample_1_17032_18532,711,5,5,-2.4612446,False,4.882196,-7.3434405
57,group1.centroids_sample_1_17032_18532,712,0,4,-7.780136,False,7.733159,-15.513295
58,group1.centroids_sample_1_17032_18532,712,1,0,-1.3216584,False,2.3926368,-3.7142951
59,group1.centroids_sample_1_17032_18532,712,4,3,-8.448481,False,7.1736345,-15.622115
60,group1.centroids_sample_1_17032_18532,714,0,3,-9.778495,False,7.7059703,-17.484465
61,group1.centroids_sample_1_17032_18532,714,4,4,-4.8189683,False,7.31288,-12.131848
62,group1.centroids_sample_1_17032_18532,716,1,5,-0.48319966,False,2.66459,-3.1477895
63,group1.centroids_sample_1_17032_18532,716,4,0,-5.186575,False,6.698473,-11.885048
64,group1.centroids_sample_1_17032_18532,716,5,4,-2.9167347,False,5.202102,-8.118837
65,group1.centroids_sample_1_17032_18532,717,0,5,-7.75863,False,7.7958355,-15.554465
66,group1.centroids_sample_1_17032_18532,717,1,3,-3.0529609,False,2.9125938,-5.9655547
67,group1.centroids_sample_1_17032_18532,718,0,0,-5.8146195,False,7.759362,-13.573982
68,group1.centroids_sample_1_17032_18532,718,1,5,-0.42705935,False,2.4251041,-2.8521636
69,group1.centroids_sample_1_17032_18532,718,4,3,-7.482239,False,6.19313,-13.675369
70,group1.centroids_sample_1_17032_18532,722,0,5,-7.5700083,False,7.6809635,-15.250972
71,group1.centroids_sample_1_17032_18532,722,1,4,-1.0609148,False,3.2986581,-4.359573
72,group1.centroids_sample_1_17032_18532,722,4,0,-2.5899928,False,4.7471247,-7.337117
73,group1.centroids_sample_1_17032_18532,722,5,3,-6.5321007,False,5.868089,-12.40019
74,group1.centroids_sample_1_17032_18532,725,0,3,-9.511869,False,7.702354,-17.214224
75,group1.centroids_sample_1_17032_18532,725,5,5,-2.9200828,False,6.2029366,-9.123019
76,group1.centroids_sample_1_17032_18532,726,0,4,-7.306314,False,7.704201,-15.010515
77,group1.centroids_sample_1_17032_18532,726,1,5,-0.64098454,False,3.2864318,-3.9274163
78,group1.centroids_sample_1_17032_18532,726,5,3,-6.970951,False,6.549741,-13.520692
79,group1.centroids_sample_1_17032_18532,727,0,5,-7.6853075,False,7.5847907,-15.270098
80,group1.centroids_sample_1_17032_18532,727,1,4,-1.2575014,False,2.8068578,-4.064359
81,group1.centroids_sample_1_17032_18532,728,0,3,-9.575684,False,7.6707087,-17.246391
82,group1.centroids_sample_1_17032_18532,728,4,5,-4.5226336,False,5.6651287,-10.187762
83,group1.centroids_sample_1_17032_18532,728,5,0,-4.412462,False,6.321938,-10.7344
84,group1.centroids_sample_1_17032_18532,730,0,0,-5.840196,False,7.6907973,-13.530993
85,group1.centroids_sample_1_17032_18532,730,5,3,-6.7392635,False,6.169311,-12.908575
86,group1.centroids_sample_1_17032_18532,732,4,3,-7.309713,False,5.7906065,-13.100319
87,group1.centroids_sample_1_17032_18532,732,5,5,-2.8848436,False,6.3561363,-9.24098
88,group1.centroids_sample_1_17032_18532,733,0,5,-7.726365,False,7.6205764,-15.346941
89,group1.centroids_sample_1_17032_18532,733,5,0,-3.2803957,False,4.98435,-8.264746
90,group1.centroids_sample_1_17032_18532,734,4,0,-3.8177056,False,5.9715977,-9.789303
91,group1.centroids_sample_1_17032_18532,734,5,3,-6.004831,False,5.359463,-11.364294
92,group1.centroids_sample_1_17032_18532,735,0,3,-9.249649,False,7.3389273,-16.588577
93,group1.centroids_sample_1_17032_18532,735,4,5,-4.830058,False,5.42347,-10.253529
94,group1.centroids_sample_1_17032_18532,735,5,0,-3.63239,False,5.3740797,-9.00647
95,group1.centroids_sample_1_17032_18532,736,0,5,-7.35273,False,7.043635,-14.396364
96,group1.centroids_sample_1_17032_18532,736,4,3,-7.2400475,False,5.5715165,-12.8115635
97,group1.centroids_sample_1_17032_18532,737,0,3,-8.889562,False,6.929205,-15.818767
98,group1.centroids_sample_1_17032_18532,737,4,5,-4.9034967,False,5.38192,-10.285417
99,group1.centroids_sample_1_17032_18532,942,6,1,-4.8692856,False,0.0,-4.8692856
100,group1.centroids_sample_1_17032_18532,942,9,8,-5.750978,False,0.6338284,-6.3848066
101,group1.centroids_sample_1_17032_18532,1351,2,1,-4.6033516,False,0.0,-4.6033516
102,group1.centroids_sample_1_17032_18532,1351,6,2,-4.2914824,False,5.0111213,-9.302604
103,group1.centroids_sample_1_17032_18532,1352,2,2,-1.9458966,False,2.020071,-3.9659677
104,group1.centroids_sample_1_17032_18532,1352,6,1,-6.368881,False,2.4677377,-8.836618
105,group1.centroids_sample_1_17032_18532,1353,2,1,-4.7697315,False,0.0,-4.7697315
106,group1.centroids_sample_1_17032_18532,1353,6,2,-4.289343,False,4.3852105,-8.674553
107,group1.centroids_sample_1_17032_18532,1354,2,2,-1.9644485,False,1.4785349,-3.4429834
108,group1.centroids_sample_1_17032_18532,1354,6,1,-6.3805475,False,2.58314,-8.963688
109,group1.centroids_sample_1_17032_18532,1355,2,1,-4.7986546,False,0.0,-4.7986546
110,group1.centroids_sample_1_17032_18532,1355,6,2,-3.843799,False,4.19024,-8.034039
111,group1.centroids_sample_1_17032_18532,1361,2,2,-1.5578886,False,0.44768882,-2.0055776
112,group1.centroids_sample_1_17032_18532,1361,6,1,-5.521123,False,3.0709116,-8.592034
113,group1.centroids_sample_1_17032_18532,1363,2,1,-4.6357746,False,0.7179401,-5.353715
114,group1.centroids_sample_1_17032_18532,1363,6,2,-2.2245948,False,2.4318,-4.656395
115,group1.centroids_sample_1_17032_18532,1364,2,2,-0.35532546,False,0.0,-0.35532546
116,group1.centroids_sample_1_17032_18532,1364,6,1,-5.001295,False,2.9028153,-7.9041104
117,group1.centroids_sample_1_6952_8452,1,0,6,-1.0529745,False,0.7862466,-1.839221
118,group1.centroids_sample_1_6952_8452,1,6,7,-0.6868713,False,0.21230395,-0.8991752
119,group1.centroids_sample_1_6952_8452,1,7,0,-0.5414534,False,0.20249468,-0.7439481
120,group1.centroids_sample_1_6952_8452,2,0,7,-1.8927584,False,1.6448374,-3.5375957
121,group1.centroids_sample_1_6952_8452,2,6,6,0.0,False,0.19712317,-0.19712317
122,group1.centroids_sample_1_6952_8452,3,0,6,-3.1366668,False,2.3237557,-5.4604225
123,group1.centroids_sample_1_6952_8452,3,6,7,-0.77560574,False,0.4388748,-1.2144805
124,group1.centroids_sample_1_6952_8452,4,0,7,-3.702076,False,3.0963628,-6.798439
125,group1.centroids_sample_1_6952_8452,4,6,6,0.0,False,0.5771278,-0.5771278
126,group1.centroids_sample_1_6952_8452,7,0,6,-7.1302357,False,5.341868,-12.472103
127,group1.centroids_sample_1_6952_8452,7,6,7,-0.64245963,False,0.9757639,-1.6182235
128,group1.centroids_sample_1_6952_8452,8,0,7,-7.414056,False,5.7605696,-13.174625
129,group1.centroids_sample_1_6952_8452,8,6,6,0.0,False,1.5848519,-1.5848519
130,group1.centroids_sample_1_6952_8452,10,0,6,-8.18338,False,6.236622,-14.420002
131,group1.centroids_sample_1_6952_8452,10,6,7,-0.67224574,False,1.3710586,-2.0433044
132,group1.centroids_sample_1_6952_8452,13,0,7,-7.689765,False,6.1924095,-13.8821745
133,group1.centroids_sample_1_6952_8452,13,6,6,-0.04164487,False,2.2673874,-2.3090322
134,group1.centroids_sample_1_6952_8452,16,0,6,-8.58859,False,6.6536274,-15.242217
135,group1.centroids_sample_1_6952_8452,16,6,7,-0.9277292,False,2.2584453,-3.1861744
136,group1.centroids_sample_1_6952_8452,18,0,4,0.0,False,0.0,0.0
137,group1.centroids_sample_1_6952_8452,18,4,6,-12.997726,False,5.971838,-18.969564
138,group1.centroids_sample_1_6952_8452,61,0,7,-5.701645,False,4.8725276,-10.574173
139,group1.centroids_sample_1_6952_8452,61,6,0,-0.5691092,False,1.5833505,-2.1524596
140,group1.centroids_sample_1_6952_8452,61,7,9,-1.9032414,False,2.8685377,-4.771779
141,group1.centroids_sample_1_6952_8452,61,9,4,-0.12961698,False,0.2656622,-0.39527917
142,group1.centroids_sample_1_6952_8452,68,0,0,-2.7793932,False,5.8033934,-8.582787
143,group1.centroids_sample_1_6952_8452,68,6,9,-1.7733676,False,1.4488611,-3.2222288
144,group1.centroids_sample_1_6952_8452,68,7,4,0.0,False,2.715685,-2.715685
145,group1.centroids_sample_1_6952_8452,68,9,7,-4.5218263,False,2.0971632,-6.6189895
146,group1.centroids_sample_1_6952_8452,582,4,9,-4.0553894,False,2.8313522,-6.8867416
147,group1.centroids_sample_1_6952_8452,582,6,6,-1.4937794,False,0.0,-1.4937794
148,group1.centroids_sample_1_6952_8452,586,4,6,-0.65449524,True,2.1918592,-2.8463545
149,group1.centroids_sample_1_6952_8452,586,6,9,-1.3404661,True,5.465134,-6.8056
150,group1.centroids_sample_1_6952_8452,600,4,9,-0.95671135,False,2.7884898,-3.745201
151,group1.centroids_sample_1_6952_8452,600,6,6,-1.0179746,False,7.7535486,-8.771523
152,group1.centroids_sample_1_6952_8452,602,4,6,-0.64477366,False,2.3689384,-3.0137122
153,group1.centroids_sample_1_6952_8452,602,6,9,-2.3167188,False,7.836287,-10.153006
154,group1.centroids_sample_1_6952_8452,603,4,9,-0.5025462,False,3.5191803,-4.0217266
155,group1.centroids_sample_1_6952_8452,603,6,6,-0.9212641,False,7.81604,-8.737304
156,group1.centroids_sample_1_6952_8452,604,4,6,-0.42854047,False,3.007113,-3.4356534
157,group1.centroids_sample_1_6952_8452,604,6,9,-2.2660937,False,7.8197517,-10.085846
158,group1.centroids_sample_1_6952_8452,606,4,9,-0.3643473,False,3.6889927,-4.05334
159,group1.centroids_sample_1_6952_8452,606,6,6,-0.7101701,False,7.830342,-8.540512
160,group1.centroids_sample_1_6952_8452,607,4,6,-0.51001453,False,2.4804783,-2.9904928
161,group1.centroids_sample_1_6952_8452,607,6,9,-2.2005563,False,7.8087564,-10.009313
162,group1.centroids_sample_1_6952_8452,637,3,7,-4.9027843,False,0.1608901,-5.0636744
163,group1.centroids_sample_1_6952_8452,637,9,3,0.0,False,0.0,0.0
164,group1.centroids_sample_1_6952_8452,639,3,3,0.0,False,0.0,0.0
165,group1.centroids_sample_1_6952_8452,639,9,7,-4.2960963,False,0.32957244,-4.6256685
166,group1.centroids_sample_1_6952_8452,908,7,7,-0.43883085,False,0.0,-0.43883085
167,group1.centroids_sample_1_6952_8452,908,9,4,-4.809997,False,0.31868815,-5.128685
168,group1.centroids_sample_1_6952_8452,1067,3,4,-3.3832593,False,0.0,-3.3832593
169,group1.centroids_sample_1_6952_8452,1067,9,3,-5.6836925,False,5.608888,-11.292581
170,group1.centroids_sample_1_6952_8452,1148,4,9,-9.434804,False,7.509622,-16.944426
171,group1.centroids_sample_1_6952_8452,1148,6,6,-4.2361617,False,5.3656645,-9.601826
172,group1.centroids_sample_1_6952_8452,1254,4,7,-6.0787134,False,3.8596506,-9.938364
173,group1.centroids_sample_1_6952_8452,1254,5,9,-3.3516183,False,1.3214344,-4.673053
174,group1.centroids_sample_1_6952_8452,1254,7,5,-0.8834586,False,0.0,-0.8834586
175,group1.centroids_sample_1_6952_8452,1257,1,7,-7.870232,False,4.999436,-12.869668
176,group1.centroids_sample_1_6952_8452,1257,4,1,-0.7395103,False,0.9072263,-1.6467366
177,group1.centroids_sample_1_6952_8452,1259,1,1,-1.7695932,False,3.5586648,-5.328258
178,group1.centroids_sample_1_6952_8452,1259,4,7,-6.4401836,False,3.426578,-9.866762
179,group1.centroids_sample_1_6952_8452,1260,1,7,-8.520128,True,5.4777884,-13.997917
180,group1.centroids_sample_1_6952_8452,1260,4,1,-1.2819426,True,1.9663076,-3.2482502
181,group1.centroids_sample_1_6952_8452,1260,5,5,-0.5419884,True,4.1316833,-4.6736717
182,group1.centroids_sample_1_6952_8452,1260,7,9,-4.8811116,True,0.0,-4.8811116
183,group1.centroids_sample_1_6952_8452,1261,1,1,-2.7656627,False,4.415866,-7.1815286
184,group1.centroids_sample_1_6952_8452,1261,4,7,-6.483714,False,3.277368,-9.761082
185,group1.centroids_sample_1_6952_8452,1263,1,7,-8.643375,False,5.8082743,-14.45165
186,group1.centroids_sample_1_6952_8452,1263,4,1,-1.6778786,False,2.6116493,-4.289528
187,group1.centroids_sample_1_6952_8452,1264,1,1,-3.933505,False,5.4612155,-9.39472
188,group1.centroids_sample_1_6952_8452,1264,4,7,-6.6101217,False,3.093904,-9.704025
189,group1.centroids_sample_1_6952_8452,1265,1,7,-8.656036,False,5.642302,-14.298338
190,group1.centroids_sample_1_6952_8452,1265,4,1,-2.0314388,False,3.2686734,-5.3001122
191,group1.centroids_sample_1_6952_8452,1266,1,1,-4.033155,False,5.526538,-9.559692
192,group1.centroids_sample_1_6952_8452,1266,4,7,-6.6700916,False,3.2577963,-9.927888
193,group1.centroids_sample_1_6952_8452,1267,1,7,-8.391315,False,5.4362936,-13.827609
194,group1.centroids_sample_1_6952_8452,1267,4,1,-1.6673465,False,2.7607396,-4.4280863
195,group1.centroids_sample_1_6952_8452,1268,1,1,-2.2370954,False,4.5924897,-6.829585
196,group1.centroids_sample_1_6952_8452,1268,4,7,-6.602479,False,3.1514416,-9.753921
197,group1.centroids_sample_1_6952_8452,1269,1,7,-8.026523,False,4.770475,-12.796997
198,group1.centroids_sample_1_6952_8452,1269,4,1,-1.3662567,False,2.5972102,-3.963467
199,group1.centroids_sample_1_6952_8452,1270,1,1,-2.42444,False,4.7500753,-7.1745152
200,group1.centroids_sample_1_6952_8452,1270,4,7,-6.4370384,False,2.8361404,-9.273179
201,group1.centroids_sample_1_6952_8452,1271,1,7,-8.244907,False,4.8505793,-13.095487
202,group1.centroids_sample_1_6952_8452,1271,4,1,-1.3168983,False,2.9775937,-4.294492
203,group1.centroids_sample_1_6952_8452,1272,1,1,-2.7243958,False,4.9429474,-7.667343
204,group1.centroids_sample_1_6952_8452,1272,4,7,-6.8274536,False,3.4421103,-10.269564
205,group1.centroids_sample_1_6952_8452,1273,1,7,-8.320949,False,5.0321856,-13.353134
206,group1.centroids_sample_1_6952_8452,1273,4,1,-2.6147313,False,4.0002995,-6.615031
207,group1.centroids_sample_1_6952_8452,1274,1,1,-3.632859,False,5.439329,-9.072188
208,group1.centroids_sample_1_6952_8452,1274,4,7,-7.0101233,False,3.8959308,-10.906054
209,group1.centroids_sample_1_6952_8452,1275,1,7,-8.414223,False,5.217227,-13.63145
210,group1.centroids_sample_1_6952_8452,1275,4,1,-3.0502763,False,4.3712955,-7.4215717
211,group1.centroids_sample_1_6952_8452,1276,1,1,-4.314361,False,5.775817,-10.090178
212,group1.centroids_sample_1_6952_8452,1276,4,7,-7.031512,False,4.009036,-11.040548
213,group1.centroids_sample_1_6952_8452,1277,1,7,-8.593181,False,5.6424794,-14.235661
214,group1.centroids_sample_1_6952_8452,1277,4,1,-2.9310167,False,4.190486,-7.121503
215,group1.centroids_sample_1_6952_8452,1278,1,1,-4.8303394,False,6.0766735,-10.907013
216,group1.centroids_sample_1_6952_8452,1278,4,7,-7.1137943,False,4.186083,-11.299877
217,group1.centroids_sample_1_6952_8452,1279,1,7,-8.680781,False,5.922629,-14.603411
218,group1.centroids_sample_1_6952_8452,1279,4,1,-2.729813,False,4.03207,-6.7618833
219,group1.centroids_sample_1_6952_8452,1281,1,1,-5.0931907,False,6.319602,-11.412792
220,group1.centroids_sample_1_6952_8452,1281,4,7,-7.180891,False,4.2226214,-11.403513
221,group1.centroids_sample_1_6952_8452,1283,1,7,-9.118389,False,6.648037,-15.766426
222,group1.centroids_sample_1_6952_8452,1283,4,1,-1.6347687,False,3.595027,-5.2297955
223,group1.centroids_sample_1_6952_8452,1284,1,1,-6.5129046,False,6.6420956,-13.155001
224,group1.centroids_sample_1_6952_8452,1284,4,7,-5.7689886,False,2.4770637,-8.246052
225,group1.centroids_sample_1_6952_8452,1337,3,3,0.0,False,0.19281483,-0.19281483
226,group1.centroids_sample_1_6952_8452,1337,9,4,-8.812576,False,0.0,-8.812576
227,group1.centroids_sample_1_6952_8452,1338,3,4,-8.22136,False,0.0,-8.22136
228,group1.centroids_sample_1_6952_8452,1338,9,3,-2.2798827,False,0.0,-2.2798827
229,group1.centroids_sample_1_6952_8452,1394,4,8,-1.6105107,False,1.8548642,-3.465375
230,group1.centroids_sample_1_6952_8452,1394,8,7,-3.8380356,False,1.2065581,-5.044594
231,group1.centroids_sample_1_6952_8452,1418,1,5,-5.7837706,False,6.3464174,-12.130188
232,group1.centroids_sample_1_6952_8452,1418,5,1,-3.5196745,False,0.3639686,-3.8836432
233,group1.centroids_sample_1_6952_8452,1428,1,1,-8.02094,False,6.771358,-14.792297
234,group1.centroids_sample_1_6952_8452,1428,5,5,-3.8019516,False,1.6708561,-5.472808
235,group1.centroids_sample_1_6952_8452,1448,6,9,-6.3075304,False,0.0,-6.3075304
236,group1.centroids_sample_1_6952_8452,1448,7,6,-1.6525054,False,0.9932904,-2.6457958
237,group2.centroids_sample_0_16148_17648,62,2,3,-1.997232,False,0.9844521,-2.9816842
238,group2.centroids_sample_0_16148_17648,62,3,2,0.0,False,0.0,0.0
239,group2.centroids_sample_0_16148_17648,63,2,2,0.0,True,0.0,0.0
240,group2.centroids_sample_0_16148_17648,63,3,3,-1.7277768,True,0.741171,-2.468948
241,group2.centroids_sample_0_16148_17648,124,1,5,-2.9004455,False,3.3334117,-6.233857
242,group2.centroids_sample_0_16148_17648,124,2,1,-1.0850496,False,2.1614754,-3.246525
243,group2.centroids_sample_0_16148_17648,124,5,2,-7.8799467,False,6.928889,-14.808836
244,group2.centroids_sample_0_16148_17648,131,1,2,-3.4693089,False,0.1447277,-3.6140366
245,group2.centroids_sample_0_16148_17648,131,2,5,0.0,False,1.3502842,-1.3502842
246,group2.centroids_sample_0_16148_17648,131,5,1,-5.566878,False,5.2211423,-10.78802
247,group2.centroids_sample_0_16148_17648,138,1,1,-2.3690243,False,0.0,-2.3690243
248,group2.centroids_sample_0_16148_17648,138,2,2,-0.33051157,False,1.6654584,-1.99597
249,group2.centroids_sample_0_16148_17648,138,5,9,-8.040297,False,4.4915133,-12.53181
250,group2.centroids_sample_0_16148_17648,138,9,5,-2.4194822,False,0.0,-2.4194822
251,group2.centroids_sample_0_16148_17648,146,2,9,-2.6849167,False,0.0,-2.6849167
252,group2.centroids_sample_0_16148_17648,146,5,5,0.0,False,4.457005,-4.457005
253,group2.centroids_sample_0_16148_17648,146,9,2,-0.65641665,False,0.0,-0.65641665
254,group2.centroids_sample_0_16148_17648,153,2,5,0.0,False,0.0,0.0
255,group2.centroids_sample_0_16148_17648,153,5,9,-7.3755,False,5.4515023,-12.827003
256,group2.centroids_sample_0_16148_17648,158,2,9,-1.6919903,False,1.1842778,-2.876268
257,group2.centroids_sample_0_16148_17648,158,5,5,-2.667277,False,5.232402,-7.899679
258,group2.centroids_sample_0_16148_17648,162,2,5,0.0,False,1.5413921,-1.5413921
259,group2.centroids_sample_0_16148_17648,162,5,9,-7.503331,False,4.6879683,-12.191299
260,group2.centroids_sample_0_16148_17648,165,2,9,-1.670088,False,1.6600016,-3.3300896
261,group2.centroids_sample_0_16148_17648,165,5,5,-2.1701012,False,4.676609,-6.84671
262,group2.centroids_sample_0_16148_17648,166,2,5,0.0,False,1.1928806,-1.1928806
263,group2.centroids_sample_0_16148_17648,166,5,9,-7.331422,False,4.857706,-12.189128
264,group2.centroids_sample_0_16148_17648,241,5,2,-2.165518,False,0.0,-2.165518
265,group2.centroids_sample_0_16148_17648,241,9,9,-0.33495522,False,5.470703,-5.8056583
266,group2.centroids_sample_0_16148_17648,244,0,2,-3.2027588,False,0.68387794,-3.8866367
267,group2.centroids_sample_0_16148_17648,244,5,0,-0.8946618,False,1.2927817,-2.1874435
268,group2.centroids_sample_0_16148_17648,245,5,9,0.0,False,0.02507615,-0.02507615
269,group2.centroids_sample_0_16148_17648,245,9,0,-6.9170923,False,6.4810395,-13.398132
270,group2.centroids_sample_0_16148_17648,246,0,9,0.0,False,1.5964922,-1.5964922
271,group2.centroids_sample_0_16148_17648,246,5,2,-1.4757419,False,0.2555387,-1.7312806
272,group2.centroids_sample_0_16148_17648,249,0,0,-1.5353912,False,0.30261612,-1.8380073
273,group2.centroids_sample_0_16148_17648,249,5,9,0.0,False,0.13911891,-0.13911891
274,group2.centroids_sample_0_16148_17648,249,9,2,-6.8434434,False,5.6217556,-12.4651985
275,group2.centroids_sample_0_16148_17648,251,3,4,-1.0130854,False,2.3885596,-3.401645
276,group2.centroids_sample_0_16148_17648,251,4,3,-6.8085084,False,7.7433977,-14.551907
277,group2.centroids_sample_0_16148_17648,254,0,2,-4.356579,False,0.0,-4.356579
278,group2.centroids_sample_0_16148_17648,254,5,0,-1.5968779,False,0.9694586,-2.5663366
279,group2.centroids_sample_0_16148_17648,254,9,9,0.0,False,4.650385,-4.650385
280,group2.centroids_sample_0_16148_17648,258,5,9,0.0,False,0.46269917,-0.46269917
281,group2.centroids_sample_0_16148_17648,258,9,0,-6.3220506,False,5.0648575,-11.386908
282,group2.centroids_sample_0_16148_17648,260,0,9,0.0,False,0.0,0.0
283,group2.centroids_sample_0_16148_17648,260,5,2,-1.9603024,False,0.15068293,-2.1109853
284,group2.centroids_sample_0_16148_17648,263,5,0,-0.4293425,False,0.0,-0.4293425
285,group2.centroids_sample_0_16148_17648,263,9,2,-7.6233788,False,6.092086,-13.715465
286,group2.centroids_sample_0_16148_17648,265,0,0,0.0,False,0.6848469,-0.6848469
287,group2.centroids_sample_0_16148_17648,265,5,9,-0.011679649,False,0.95499015,-0.9666698
288,group2.centroids_sample_0_16148_17648,266,2,9,-1.3970377,False,0.8622164,-2.2592542
289,group2.centroids_sample_0_16148_17648,266,5,2,-1.2596005,False,0.81840634,-2.0780067
290,group2.centroids_sample_0_16148_17648,266,9,5,-7.9305835,False,6.54424,-14.474823
291,group2.centroids_sample_0_16148_17648,268,0,9,-0.9321705,False,2.9539568,-3.8861275
292,group2.centroids_sample_0_16148_17648,268,2,5,-0.70983744,False,0.19974887,-0.9095863
293,group2.centroids_sample_0_16148_17648,268,5,0,-0.33403432,False,0.7669835,-1.1010178
294,group2.centroids_sample_0_16148_17648,268,9,2,-8.064157,False,6.295981,-14.360138
295,group2.centroids_sample_0_16148_17648,269,0,0,-0.6268244,False,3.003347,-3.6301713
296,group2.centroids_sample_0_16148_17648,269,5,2,-1.3151734,False,1.0123067,-2.32748
297,group2.centroids_sample_0_16148_17648,269,9,9,-5.359486,False,6.8797107,-12.239197
298,group2.centroids_sample_0_16148_17648,271,0,9,-2.4537098,False,3.8755517,-6.329262
299,group2.centroids_sample_0_16148_17648,271,2,0,-1.4890946,False,0.35187984,-1.8409745
300,group2.centroids_sample_0_16148_17648,271,9,5,-8.46577,False,6.9993396,-15.465109
301,group2.centroids_sample_0_16148_17648,274,5,5,0.0,False,1.3080082,-1.3080082
302,group2.centroids_sample_0_16148_17648,274,9,2,-8.725967,False,7.243875,-15.969843
303,group2.centroids_sample_0_16148_17648,275,0,5,-3.8340876,False,4.622695,-8.456782
304,group2.centroids_sample_0_16148_17648,275,5,9,-1.2266302,False,1.2272803,-2.4539104
305,group2.centroids_sample_0_16148_17648,276,0,9,-3.4275737,False,4.1626034,-7.590177
306,group2.centroids_sample_0_16148_17648,276,5,2,-1.0906777,False,1.509567,-2.6002448
307,group2.centroids_sample_0_16148_17648,276,9,5,-9.150738,False,6.9837966,-16.134535
308,group2.centroids_sample_0_16148_17648,277,0,5,-3.6075664,False,4.245696,-7.8532624
309,group2.centroids_sample_0_16148_17648,277,5,9,-1.3609157,False,0.8130392,-2.173955
310,group2.centroids_sample_0_16148_17648,277,9,2,-8.682201,False,6.8414254,-15.523626
311,group2.centroids_sample_0_16148_17648,279,0,2,-3.561315,False,3.847401,-7.408716
312,group2.centroids_sample_0_16148_17648,279,2,8,-0.50126815,False,0.0,-0.50126815
313,group2.centroids_sample_0_16148_17648,279,5,5,0.0,False,0.6147518,-0.6147518
314,group2.centroids_sample_0_16148_17648,279,8,9,-1.0971793,False,0.5582129,-1.6553922
315,group2.centroids_sample_0_16148_17648,279,9,0,-8.417343,False,6.9145765,-15.33192
316,group2.centroids_sample_0_16148_17648,280,0,5,-3.0629494,False,3.617283,-6.6802325
317,group2.centroids_sample_0_16148_17648,280,5,2,-0.7851416,False,0.6286403,-1.4137819
318,group2.centroids_sample_0_16148_17648,281,0,2,-3.1503744,False,3.3643255,-6.5147
319,group2.centroids_sample_0_16148_17648,281,5,9,-1.1173584,False,0.905072,-2.0224304
320,group2.centroids_sample_0_16148_17648,281,8,5,-0.96901006,False,1.2857387,-2.2547488
321,group2.centroids_sample_0_16148_17648,283,0,0,-0.85348976,False,2.9533463,-3.8068361
322,group2.centroids_sample_0_16148_17648,283,5,2,-0.83877254,False,0.41948617,-1.2582587
323,group2.centroids_sample_0_16148_17648,283,9,9,-6.1079865,False,6.984267,-13.092254
324,group2.centroids_sample_0_16148_17648,288,5,9,-0.9620077,False,0.0,-0.9620077
325,group2.centroids_sample_0_16148_17648,288,9,2,-7.8564315,False,6.8678207,-14.724253
326,group2.centroids_sample_0_16148_17648,289,0,9,-1.1456716,False,1.4280255,-2.573697
327,group2.centroids_sample_0_16148_17648,289,5,0,0.0,False,0.0,0.0
328,group2.centroids_sample_0_16148_17648,291,0,0,0.0,False,0.7091234,-0.7091234
329,group2.centroids_sample_0_16148_17648,291,5,5,-0.10890198,False,0.2470125,-0.35591447
330,group2.centroids_sample_0_16148_17648,291,8,9,-1.5384324,False,1.9562792,-3.4947114
331,group2.centroids_sample_0_16148_17648,298,2,2,-1.2291663,False,0.0,-1.2291663
332,group2.centroids_sample_0_16148_17648,298,9,8,-7.0532966,False,5.8233814,-12.876678
333,group2.centroids_sample_0_16148_17648,299,1,3,-6.4704475,False,0.0,-6.4704475
334,group2.centroids_sample_0_16148_17648,299,4,1,-2.3222103,False,1.0827522,-3.4049625
335,group2.centroids_sample_0_16148_17648,307,5,9,-1.7263645,False,1.0265781,-2.7529426
336,group2.centroids_sample_0_16148_17648,307,8,5,-3.1751618,False,4.6087537,-7.7839155
337,group2.centroids_sample_0_16148_17648,308,5,5,0.0,False,0.9425237,-0.9425237
338,group2.centroids_sample_0_16148_17648,308,8,9,-2.5264187,False,3.4469538,-5.9733725
339,group2.centroids_sample_0_16148_17648,310,0,2,-0.34799397,False,0.0,-0.34799397
340,group2.centroids_sample_0_16148_17648,310,2,0,-3.946552,False,4.126466,-8.073018
341,group2.centroids_sample_0_16148_17648,317,0,0,-0.09494257,False,0.0,-0.09494257
342,group2.centroids_sample_0_16148_17648,317,2,2,-3.8438492,False,4.833084,-8.676933
343,group2.centroids_sample_0_16148_17648,331,2,8,-4.400218,False,0.6379435,-5.0381613
344,group2.centroids_sample_0_16148_17648,331,9,2,-1.0280476,False,0.6707878,-1.6988354
345,group2.centroids_sample_0_16148_17648,333,2,2,-0.26861048,False,1.1970497,-1.4656602
346,group2.centroids_sample_0_16148_17648,333,9,8,-4.300182,False,1.577637,-5.877819
347,group2.centroids_sample_0_16148_17648,475,0,8,-3.3104873,False,4.3155746,-7.626062
348,group2.centroids_sample_0_16148_17648,475,9,0,-6.4911017,False,7.000467,-13.491569
349,group2.centroids_sample_0_16148_17648,640,3,5,-0.8117768,False,0.7398424,-1.5516193
350,group2.centroids_sample_0_16148_17648,640,5,7,-0.46102697,False,0.3399372,-0.8009642
351,group2.centroids_sample_0_16148_17648,640,7,4,-4.8968983,False,5.8481836,-10.745082
352,group2.centroids_sample_0_16148_17648,675,3,4,-0.96027887,False,0.24602258,-1.2063015
353,group2.centroids_sample_0_16148_17648,675,7,5,-7.007605,False,6.376968,-13.384573
354,group2.centroids_sample_0_16148_17648,681,3,5,-2.6584973,False,2.2371461,-4.895643
355,group2.centroids_sample_0_16148_17648,681,7,4,-1.7151825,False,4.1149015,-5.830084
356,group2.centroids_sample_0_16148_17648,687,1,5,-5.9368467,False,4.948874,-10.885721
357,group2.centroids_sample_0_16148_17648,687,3,4,0.0,False,2.5857782,-2.5857782
358,group2.centroids_sample_0_16148_17648,687,7,3,-3.509885,False,2.9640126,-6.473898
359,group2.centroids_sample_0_16148_17648,694,1,4,0.0,False,3.3322504,-3.3322504
360,group2.centroids_sample_0_16148_17648,694,3,3,-0.8901094,False,0.9482641,-1.8383735
361,group2.centroids_sample_0_16148_17648,694,7,5,-4.554708,False,2.2988331,-6.8535414
362,group2.centroids_sample_0_16148_17648,706,3,5,-3.6387799,False,0.0,-3.6387799
363,group2.centroids_sample_0_16148_17648,706,7,3,-3.296352,False,2.3011243,-5.597476
364,group2.centroids_sample_0_16148_17648,1257,2,6,-0.3355019,False,0.24427843,-0.57978034
365,group2.centroids_sample_0_16148_17648,1257,6,2,-2.4992294,False,0.86290765,-3.362137
366,group2.centroids_sample_0_16148_17648,1264,2,2,0.0,False,0.6688354,-0.6688354
367,group2.centroids_sample_0_16148_17648,1264,6,6,-0.29259706,False,0.4859171,-0.77851415
368,group2.centroids_sample_0_16148_17648,1353,1,2,0.0,False,0.0,0.0
369,group2.centroids_sample_0_16148_17648,1353,2,4,-6.639764,False,1.185744,-7.825508
370,group2.centroids_sample_0_16148_17648,1416,2,6,-3.6778147,False,1.6031361,-5.2809505
371,group2.centroids_sample_0_16148_17648,1416,6,4,-5.2520857,False,0.0,-5.2520857
372,group2.centroids_sample_0_16148_17648,1417,2,4,-7.3373127,False,0.1584022,-7.495715
373,group2.centroids_sample_0_16148_17648,1417,6,6,0.0,False,1.2273529,-1.2273529
374,group2.centroids_sample_0_16148_17648,1451,2,5,-7.446107,False,5.439299,-12.8854065
375,group2.centroids_sample_0_16148_17648,1451,3,4,-4.9900274,False,1.1517847,-6.1418123
376,group2.centroids_sample_0_6738_8238,25,0,9,-0.38365245,False,0.5169667,-0.90061915
377,group2.centroids_sample_0_6738_8238,25,9,0,0.0,False,0.34224153,-0.34224153
378,group2.centroids_sample_0_6738_8238,38,4,5,-0.6252434,False,0.0,-0.6252434
379,group2.centroids_sample_0_6738_8238,38,5,4,-0.9355757,False,0.0,-0.9355757
380,group2.centroids_sample_0_6738_8238,64,1,6,0.0,False,0.0,0.0
381,group2.centroids_sample_0_6738_8238,64,5,7,-1.5361695,False,0.99329996,-2.5294695
382,group2.centroids_sample_0_6738_8238,64,6,1,-2.015284,False,0.7117224,-2.7270064
383,group2.centroids_sample_0_6738_8238,64,7,4,-3.0724354,False,0.0,-3.0724354
384,group2.centroids_sample_0_6738_8238,230,6,0,-1.8179178,False,2.4651964,-4.2831144
385,group2.centroids_sample_0_6738_8238,230,9,1,-5.7694016,False,0.0,-5.7694016
386,group2.centroids_sample_0_6738_8238,231,6,1,-6.344857,False,0.0,-6.344857
387,group2.centroids_sample_0_6738_8238,231,9,0,-1.8089046,False,2.0244722,-3.833377
388,group2.centroids_sample_0_6738_8238,232,6,0,-1.8104055,False,1.9398944,-3.7503
389,group2.centroids_sample_0_6738_8238,232,9,1,-5.418995,False,0.28186893,-5.700864
390,group2.centroids_sample_0_6738_8238,240,4,4,-0.8449955,True,0.0,-0.8449955
391,group2.centroids_sample_0_6738_8238,240,7,5,-4.1484275,True,0.27314734,-4.4215746
392,group2.centroids_sample_0_6738_8238,241,1,4,-1.0855659,False,0.0,-1.0855659
393,group2.centroids_sample_0_6738_8238,241,4,5,-4.4082174,False,0.18883073,-4.5970483
394,group2.centroids_sample_0_6738_8238,241,7,6,-4.061965,False,0.71811813,-4.780083
395,group2.centroids_sample_0_6738_8238,242,1,6,-4.0705876,False,0.64835536,-4.718943
396,group2.centroids_sample_0_6738_8238,242,4,4,-1.0198452,False,0.0,-1.0198452
397,group2.centroids_sample_0_6738_8238,242,7,5,-3.5021987,False,0.0,-3.5021987
398,group2.centroids_sample_0_6738_8238,243,1,4,-0.5195315,False,0.0,-0.5195315
399,group2.centroids_sample_0_6738_8238,243,4,5,-3.9559023,False,0.0,-3.9559023
400,group2.centroids_sample_0_6738_8238,243,7,6,-3.7166169,False,0.5037478,-4.2203646
401,group2.centroids_sample_0_6738_8238,299,4,1,-4.4523115,False,0.0,-4.4523115
402,group2.centroids_sample_0_6738_8238,299,9,5,0.0,False,6.345508,-6.345508
403,group2.centroids_sample_0_6738_8238,307,4,5,-1.8110812,False,0.6033294,-2.4144106
404,group2.centroids_sample_0_6738_8238,307,9,1,-9.026217,False,7.4924464,-16.518663
405,group2.centroids_sample_0_6738_8238,312,4,1,-6.3917327,False,4.1198406,-10.511574
406,group2.centroids_sample_0_6738_8238,312,9,5,0.0,False,7.881897,-7.881897
407,group2.centroids_sample_0_6738_8238,317,4,5,0.0,False,3.8156152,-3.8156152
408,group2.centroids_sample_0_6738_8238,317,9,1,-10.197612,False,7.6779737,-17.875586
409,group2.centroids_sample_0_6738_8238,382,1,5,-4.449272,True,0.27810407,-4.727376
410,group2.centroids_sample_0_6738_8238,382,4,4,-4.688792,True,0.0,-4.688792
411,group2.centroids_sample_0_6738_8238,383,0,0,-0.91259956,True,0.0,-0.91259956
412,group2.centroids_sample_0_6738_8238,383,1,4,-4.8408713,True,0.0,-4.8408713
413,group2.centroids_sample_0_6738_8238,383,4,5,-4.3643994,True,0.02968812,-4.394088
414,group2.centroids_sample_0_6738_8238,383,6,9,-6.921934,True,0.76779246,-7.689727
415,group2.centroids_sample_0_6738_8238,384,0,9,-4.418748,False,0.352463,-4.7712107
416,group2.centroids_sample_0_6738_8238,384,6,0,-1.9720263,False,0.0,-1.9720263
417,group2.centroids_sample_0_6738_8238,412,0,1,-6.0025206,False,2.247744,-8.250265
418,group2.centroids_sample_0_6738_8238,412,9,9,-0.40629816,False,3.1076999,-3.513998
419,group2.centroids_sample_0_6738_8238,414,0,9,-2.5010276,False,3.4755774,-5.976605
420,group2.centroids_sample_0_6738_8238,414,9,1,-6.144922,False,2.569642,-8.714563
421,group2.centroids_sample_0_6738_8238,416,0,1,-6.5843034,False,3.2056026,-9.789906
422,group2.centroids_sample_0_6738_8238,416,9,9,-1.3185496,False,2.755072,-4.0736217
423,group2.centroids_sample_0_6738_8238,417,0,9,-3.7863069,False,3.7643564,-7.550663
424,group2.centroids_sample_0_6738_8238,417,9,1,-5.7188597,False,2.6012442,-8.320104
425,group2.centroids_sample_0_6738_8238,419,0,1,-6.467799,False,3.225586,-9.693385
426,group2.centroids_sample_0_6738_8238,419,9,9,-1.9279735,False,2.6181831,-4.546157
427,group2.centroids_sample_0_6738_8238,549,4,9,-1.5839412,True,0.85536015,-2.4393015
428,group2.centroids_sample_0_6738_8238,549,9,5,-7.4137697,True,0.0,-7.4137697
429,group2.centroids_sample_0_6738_8238,624,0,3,-5.4526367,False,5.4350157,-10.887652
430,group2.centroids_sample_0_6738_8238,624,1,1,-0.8825952,False,0.0,-0.8825952
431,group2.centroids_sample_0_6738_8238,624,3,4,-11.313871,False,7.6450887,-18.95896
432,group2.centroids_sample_0_6738_8238,630,0,4,-9.927931,False,6.8941665,-16.822098
433,group2.centroids_sample_0_6738_8238,630,1,3,-2.5958288,False,1.0258217,-3.6216505
434,group2.centroids_sample_0_6738_8238,630,2,1,-1.9456418,False,0.2707187,-2.2163606
435,group2.centroids_sample_0_6738_8238,630,3,2,-8.368994,False,7.7964416,-16.165436
436,group2.centroids_sample_0_6738_8238,636,0,1,-7.8785477,False,7.862526,-15.741074
437,group2.centroids_sample_0_6738_8238,636,1,4,-7.0116367,False,0.019947052,-7.031584
438,group2.centroids_sample_0_6738_8238,636,2,3,-2.7463813,False,0.0,-2.7463813
439,group2.centroids_sample_0_6738_8238,645,0,2,-8.841219,False,7.6825237,-16.523743
440,group2.centroids_sample_0_6738_8238,645,3,1,-7.4654417,False,6.9587274,-14.42417
441,group2.centroids_sample_0_6738_8238,647,1,1,0.0,False,0.21752715,-0.21752715
442,group2.centroids_sample_0_6738_8238,647,3,4,-9.944756,False,6.9951997,-16.939955
443,group2.centroids_sample_0_6738_8238,657,1,8,-2.6755118,False,3.223944,-5.899456
444,group2.centroids_sample_0_6738_8238,657,2,9,0.0,False,0.0,0.0
445,group2.centroids_sample_0_6738_8238,657,4,1,-3.1112313,False,0.13525796,-3.2464893
446,group2.centroids_sample_0_6738_8238,657,8,3,-6.5326943,False,6.455819,-12.988514
447,group2.centroids_sample_0_6738_8238,663,1,3,-6.3211226,False,5.876216,-12.197338
448,group2.centroids_sample_0_6738_8238,663,4,8,-1.199691,False,0.786126,-1.9858171
449,group2.centroids_sample_0_6738_8238,663,8,1,-6.676679,False,7.1714215,-13.848101
450,group2.centroids_sample_0_6738_8238,776,0,3,-3.2094648,False,1.8331292,-5.042594
451,group2.centroids_sample_0_6738_8238,776,1,9,-5.7261796,False,5.0920835,-10.818263
452,group2.centroids_sample_0_6738_8238,776,2,2,-0.53528297,False,0.879771,-1.415054
453,group2.centroids_sample_0_6738_8238,782,0,9,-3.5689764,False,1.1477333,-4.7167096
454,group2.centroids_sample_0_6738_8238,782,1,2,-4.523012,False,4.0366607,-8.559673
455,group2.centroids_sample_0_6738_8238,782,2,3,-1.4531692,False,0.17997265,-1.6331419
456,group2.centroids_sample_0_6738_8238,829,6,6,-2.4459224,False,0.0,-2.4459224
457,group2.centroids_sample_0_6738_8238,829,7,0,-11.163492,False,1.7593317,-12.922824
458,group2.centroids_sample_0_6738_8238,830,6,0,-10.615795,False,1.5675571,-12.183352
459,group2.centroids_sample_0_6738_8238,830,7,6,-3.71807,False,0.0,-3.71807
460,group2.centroids_sample_0_6738_8238,837,6,6,0.0,False,0.91659284,-0.91659284
461,group2.centroids_sample_0_6738_8238,837,7,0,-7.8560486,False,0.0,-7.8560486
462,group2.centroids_sample_0_6738_8238,967,8,5,-10.640501,False,3.0417027,-13.682203
463,group2.centroids_sample_0_6738_8238,967,9,1,-5.8290544,False,0.0,-5.8290544
464,group2.centroids_sample_0_6738_8238,968,8,1,-8.053915,False,0.0,-8.053915
465,group2.centroids_sample_0_6738_8238,968,9,5,-7.289489,False,2.5414896,-9.830978
466,group2.centroids_sample_0_6738_8238,977,1,5,-3.945314,False,1.4152377,-5.360552
467,group2.centroids_sample_0_6738_8238,977,9,2,-2.1203847,False,0.70044065,-2.8208253
468,group2.centroids_sample_0_6738_8238,1007,3,7,-1.7553556,False,0.90022266,-2.6555781
469,group2.centroids_sample_0_6738_8238,1007,5,4,-2.821835,False,0.23540568,-3.0572407
470,group2.centroids_sample_0_6738_8238,1173,2,2,0.0,False,0.0,0.0
471,group2.centroids_sample_0_6738_8238,1173,9,3,-6.1817617,False,0.5602633,-6.742025
472,group2.centroids_sample_0_6738_8238,1174,2,3,-6.2725143,False,0.42371702,-6.6962314
473,group2.centroids_sample_0_6738_8238,1174,9,2,-1.5943363,False,0.0,-1.5943363
474,group2.centroids_sample_0_6738_8238,1242,3,0,-9.069405,False,0.0,-9.069405
475,group2.centroids_sample_0_6738_8238,1242,7,7,-6.424475,False,0.42832637,-6.8528013
476,group2.centroids_sample_0_6738_8238,1243,3,7,-5.871792,False,0.021844149,-5.8936357
477,group2.centroids_sample_0_6738_8238,1243,7,0,-10.096616,False,0.0,-10.096616
478,group2.centroids_sample_0_6738_8238,1254,1,2,-2.8463588,False,2.2650266,-5.1113853
479,group2.centroids_sample_0_6738_8238,1254,3,5,-8.8911915,False,6.313539,-15.204731
480,group2.centroids_sample_0_6738_8238,1254,9,7,-2.9801824,False,2.9683795,-5.9485617
481,group2.centroids_sample_0_6738_8238,1261,0,6,-1.391833,False,0.49107814,-1.8829111
482,group2.centroids_sample_0_6738_8238,1261,1,7,-1.2896585,False,2.0731869,-3.3628454
483,group2.centroids_sample_0_6738_8238,1261,6,9,-3.8221967,False,0.0,-3.8221967
484,group2.centroids_sample_0_6738_8238,1261,9,2,-6.253788,False,5.60401,-11.857798
485,group2.centroids_sample_0_6738_8238,1263,2,2,0.0,False,1.1228427,-1.1228427
486,group2.centroids_sample_0_6738_8238,1263,9,3,-3.606515,False,5.485637,-9.092152
487,group2.centroids_sample_0_6738_8238,1265,0,9,-3.2337775,False,0.0,-3.2337775
488,group2.centroids_sample_0_6738_8238,1265,6,6,-0.26317048,False,0.0,-0.26317048
489,group2.centroids_sample_0_6738_8238,1268,1,3,-1.0518901,False,2.4841697,-3.5360599
490,group2.centroids_sample_0_6738_8238,1268,2,7,-0.4456278,False,1.4230157,-1.8686435
491,group2.centroids_sample_0_6738_8238,1268,9,2,-5.3199177,False,4.450444,-9.770362
492,group2.centroids_sample_0_6738_8238,1274,1,7,-1.7711453,False,3.2139919,-4.985137
493,group2.centroids_sample_0_6738_8238,1274,2,3,0.0,False,1.8539873,-1.8539873
494,group2.centroids_sample_0_6738_8238,1275,1,2,-3.172899,False,2.6167023,-5.7896013
495,group2.centroids_sample_0_6738_8238,1275,9,7,-3.056914,False,3.4307542,-6.487668
496,group2.centroids_sample_0_6738_8238,1281,1,3,0.0,False,5.406769,-5.406769
497,group2.centroids_sample_0_6738_8238,1281,2,2,-1.946989,False,3.1099024,-5.0568914
498,group2.centroids_sample_0_6738_8238,1449,0,6,-6.478547,False,5.1064825,-11.58503
499,group2.centroids_sample_0_6738_8238,1449,6,7,0.0,False,0.0,0.0
500,group2.centroids_sample_0_6738_8238,1449,9,9,0.0,False,1.2268946,-1.2268946
501,group2.centroids_sample_0_6738_8238,1457,6,9,-0.20455861,False,0.49306607,-0.6976247
502,group2.centroids_sample_0_6738_8238,1457,9,7,-2.730844,False,3.9456468,-6.676491
503,group3.centroids_sample_2_16736_18236,5,1,2,-0.18881696,True,0.45021337,-0.63903034
504,group3.centroids_sample_2_16736_18236,5,2,1,0.0,True,0.0,0.0
505,group3.centroids_sample_2_16736_18236,18,8,9,-0.023294568,False,0.17808688,-0.20138144
506,group3.centroids_sample_2_16736_18236,18,9,8,-0.08784473,False,0.088225126,-0.17606986
507,group3.centroids_sample_2_16736_18236,19,8,8,0.0,False,0.10947597,-0.10947597
508,group3.centroids_sample_2_16736_18236,19,9,9,0.0,False,0.0,0.0
509,group3.centroids_sample_2_16736_18236,27,0,5,0.0,True,0.0,0.0
510,group3.centroids_sample_2_16736_18236,27,5,0,-1.0340929,True,0.5925491,-1.626642
511,group3.centroids_sample_2_16736_18236,45,0,6,-0.9538088,False,0.028744698,-0.9825535
512,group3.centroids_sample_2_16736_18236,45,6,5,-0.41619706,False,0.0,-0.41619706
513,group3.centroids_sample_2_16736_18236,48,0,5,0.0,False,0.026705503,-0.026705503
514,group3.centroids_sample_2_16736_18236,48,6,6,0.0,False,0.0,0.0
515,group3.centroids_sample_2_16736_18236,441,3,7,-0.80974257,False,0.4438721,-1.2536147
516,group3.centroids_sample_2_16736_18236,441,7,3,0.0,False,0.0,0.0
517,group3.centroids_sample_2_16736_18236,494,1,7,-5.286806,False,0.001473546,-5.2882795
518,group3.centroids_sample_2_16736_18236,494,3,2,0.0,False,0.0,0.0
519,group3.centroids_sample_2_16736_18236,502,1,2,0.0,False,0.0,0.0
520,group3.centroids_sample_2_16736_18236,502,3,7,-6.2016907,False,0.777985,-6.979676
521,group3.centroids_sample_2_16736_18236,553,6,8,-1.4644921,False,2.0851626,-3.5496547
522,group3.centroids_sample_2_16736_18236,553,7,6,-5.9392695,False,5.5233984,-11.462667
523,group3.centroids_sample_2_16736_18236,553,8,3,-4.636038,False,0.15749478,-4.7935324
524,group3.centroids_sample_2_16736_18236,555,5,8,-0.364704,False,1.062055,-1.426759
525,group3.centroids_sample_2_16736_18236,555,6,6,-0.8094996,False,2.584672,-3.3941717
526,group3.centroids_sample_2_16736_18236,555,7,0,-6.6507907,False,6.0582767,-12.709067
527,group3.centroids_sample_2_16736_18236,562,5,6,-0.6213265,False,1.1642201,-1.7855465
528,group3.centroids_sample_2_16736_18236,562,6,0,-4.288911,False,0.0,-4.288911
529,group3.centroids_sample_2_16736_18236,562,7,8,-8.644334,False,4.01615,-12.660484
530,group3.centroids_sample_2_16736_18236,642,2,0,-7.389408,True,0.033094406,-7.4225025
531,group3.centroids_sample_2_16736_18236,642,6,1,0.0,True,0.0,0.0
532,group3.centroids_sample_2_16736_18236,643,2,1,-0.11406183,True,0.07600999,-0.19007182
533,group3.centroids_sample_2_16736_18236,643,6,0,-6.825536,True,0.0,-6.825536
534,group3.centroids_sample_2_16736_18236,644,2,0,-7.650299,True,0.0,-7.650299
535,group3.centroids_sample_2_16736_18236,644,6,1,-0.7252505,True,0.14685464,-0.8721051
536,group3.centroids_sample_2_16736_18236,649,5,8,-0.82735986,False,0.14849049,-0.97585034
537,group3.centroids_sample_2_16736_18236,649,7,6,-3.9709415,False,0.0,-3.9709415
538,group3.centroids_sample_2_16736_18236,693,6,3,-1.4369032,False,0.57089686,-2.0078
539,group3.centroids_sample_2_16736_18236,693,8,1,-0.25287366,False,0.0,-0.25287366
540,group3.centroids_sample_2_16736_18236,918,3,3,-0.96430635,True,0.6084037,-1.57271
541,group3.centroids_sample_2_16736_18236,918,6,7,-6.12267,True,0.539765,-6.662435
542,group3.centroids_sample_2_16736_18236,920,3,7,-6.157081,False,0.6357806,-6.792862
543,group3.centroids_sample_2_16736_18236,920,6,3,-0.52821255,False,0.0,-0.52821255
544,group3.centroids_sample_2_16736_18236,1059,6,1,-4.5414095,False,0.0,-4.5414095
545,group3.centroids_sample_2_16736_18236,1059,8,3,-0.80157566,False,0.06904614,-0.8706218
546,group3.centroids_sample_2_16736_18236,1060,6,3,0.0,False,0.015546799,-0.015546799
547,group3.centroids_sample_2_16736_18236,1060,8,1,-4.6205673,False,0.0,-4.6205673
548,group3.centroids_sample_2_16736_18236,1084,1,0,-2.2895834,False,0.0,-2.2895834
549,group3.centroids_sample_2_16736_18236,1084,2,2,-0.42441952,False,0.54022074,-0.96464026
550,group3.centroids_sample_2_16736_18236,1150,1,9,-1.4900932,False,1.4752767,-2.96537
551,group3.centroids_sample_2_16736_18236,1150,9,0,-4.6125903,False,0.0,-4.6125903
552,group3.centroids_sample_2_16736_18236,1257,4,0,-11.239573,False,1.6437905,-12.883363
553,group3.centroids_sample_2_16736_18236,1257,9,4,0.0,False,0.0,0.0
554,group3.centroids_sample_2_7027_8527,153,5,7,-0.54966545,False,0.0,-0.54966545
555,group3.centroids_sample_2_7027_8527,153,7,5,-0.050995827,False,0.0032627583,-0.054258585
556,group3.centroids_sample_2_7027_8527,154,5,5,0.0,False,0.0,0.0
557,group3.centroids_sample_2_7027_8527,154,7,7,0.0,False,0.0,0.0
558,group3.centroids_sample_2_7027_8527,161,6,8,-6.4968376,False,3.1401637,-9.637001
559,group3.centroids_sample_2_7027_8527,161,8,6,0.0,False,0.0,0.0
560,group3.centroids_sample_2_7027_8527,203,1,2,-1.4890296,False,0.5919821,-2.0810118
561,group3.centroids_sample_2_7027_8527,203,2,1,0.0,False,0.0,0.0
562,group3.centroids_sample_2_7027_8527,246,3,5,-0.24276191,True,1.3239661,-1.5667281
563,group3.centroids_sample_2_7027_8527,246,5,3,0.0,True,0.9345144,-0.9345144
564,group3.centroids_sample_2_7027_8527,259,2,4,-0.30139828,False,0.0,-0.30139828
565,group3.centroids_sample_2_7027_8527,259,4,1,-1.649406,False,0.20702243,-1.8564284
566,group3.centroids_sample_2_7027_8527,260,5,8,-6.8038545,False,0.0,-6.8038545
567,group3.centroids_sample_2_7027_8527,260,6,3,-3.3714607,False,1.8306876,-5.2021484
568,group3.centroids_sample_2_7027_8527,261,5,3,-1.1872213,False,1.2799251,-2.4671464
569,group3.centroids_sample_2_7027_8527,261,6,8,-6.5644593,False,0.16081095,-6.7252703
570,group3.centroids_sample_2_7027_8527,406,1,6,-4.0242314,False,4.546374,-8.570605
571,group3.centroids_sample_2_7027_8527,406,8,2,-3.8469791,False,0.0,-3.8469791
572,group3.centroids_sample_2_7027_8527,450,4,3,-0.7196777,False,0.56865215,-1.2883298
573,group3.centroids_sample_2_7027_8527,450,5,1,-0.07446855,False,1.9315435,-2.006012
574,group3.centroids_sample_2_7027_8527,492,5,8,-4.6303663,False,1.5531026,-6.183469
575,group3.centroids_sample_2_7027_8527,492,6,1,-1.8900692,False,0.32502878,-2.215098
576,group3.centroids_sample_2_7027_8527,551,5,9,-0.83397484,False,0.0,-0.83397484
577,group3.centroids_sample_2_7027_8527,551,9,8,-2.3036861,False,0.0,-2.3036861
578,group3.centroids_sample_2_7027_8527,557,3,9,-1.4806927,False,0.0,-1.4806927
579,group3.centroids_sample_2_7027_8527,557,5,5,-0.62742233,False,0.19100499,-0.8184273
580,group3.centroids_sample_2_7027_8527,568,0,1,-3.4636278,False,0.015671492,-3.4792993
581,group3.centroids_sample_2_7027_8527,568,6,0,-6.603623,False,7.088993,-13.6926155
582,group3.centroids_sample_2_7027_8527,569,2,9,-3.086267,True,0.0,-3.086267
583,group3.centroids_sample_2_7027_8527,569,3,4,-6.720419,True,0.0,-6.720419
584,group3.centroids_sample_2_7027_8527,571,2,4,-7.1189566,False,0.0,-7.1189566
585,group3.centroids_sample_2_7027_8527,571,3,9,-2.9898095,False,0.0,-2.9898095
586,group3.centroids_sample_2_7027_8527,574,0,0,-1.3260828,False,2.1400714,-3.466154
587,group3.centroids_sample_2_7027_8527,574,6,1,-7.715397,False,7.0965014,-14.811898
588,group3.centroids_sample_2_7027_8527,639,0,3,-5.842275,False,2.8082843,-8.650559
589,group3.centroids_sample_2_7027_8527,639,4,0,-0.8540385,False,2.0130508,-2.8670893
590,group3.centroids_sample_2_7027_8527,650,1,2,-4.2537155,False,0.65974724,-4.9134626
591,group3.centroids_sample_2_7027_8527,650,8,6,-1.2961186,False,1.0881432,-2.3842618
592,group3.centroids_sample_2_7027_8527,651,1,6,-1.8757775,False,0.743943,-2.6197205
593,group3.centroids_sample_2_7027_8527,651,8,2,-4.177703,False,1.0244353,-5.202138
594,group3.centroids_sample_2_7027_8527,652,0,1,-7.806466,False,0.0,-7.806466
595,group3.centroids_sample_2_7027_8527,652,6,3,-10.948738,False,2.4789488,-13.427687
596,group3.centroids_sample_2_7027_8527,653,0,3,-7.613609,False,2.157885,-9.771494
597,group3.centroids_sample_2_7027_8527,653,6,1,-10.97847,False,0.0,-10.97847
598,group3.centroids_sample_2_7027_8527,739,3,8,-6.651022,True,0.4863727,-7.137395
599,group3.centroids_sample_2_7027_8527,739,9,9,-0.8344948,True,0.0,-0.8344948
600,group3.centroids_sample_2_7027_8527,740,3,9,-0.74693584,True,0.0,-0.74693584
601,group3.centroids_sample_2_7027_8527,740,9,8,-6.580144,True,0.08723545,-6.6673794
602,group3.centroids_sample_2_7027_8527,829,4,8,-5.9604244,False,6.0145297,-11.974955
603,group3.centroids_sample_2_7027_8527,829,9,0,-5.8354545,False,0.8566518,-6.6921062
604,group3.centroids_sample_2_7027_8527,839,8,0,-4.612918,False,0.17268562,-4.7856035
605,group3.centroids_sample_2_7027_8527,839,9,2,-3.463023,False,4.789461,-8.252484
606,group3.centroids_sample_2_7027_8527,847,8,2,-1.4042753,False,0.0,-1.4042753
607,group3.centroids_sample_2_7027_8527,847,9,0,-9.322126,False,6.321634,-15.643761
608,group3.centroids_sample_2_7027_8527,851,8,0,-5.5029325,False,1.2736156,-6.7765484
609,group3.centroids_sample_2_7027_8527,851,9,2,-7.5555897,False,6.032624,-13.588213
610,group3.centroids_sample_2_7027_8527,853,8,2,-3.1892908,False,2.0957325,-5.285023
611,group3.centroids_sample_2_7027_8527,853,9,0,-9.722344,False,6.4173784,-16.139723
612,group3.centroids_sample_2_7027_8527,854,8,0,-6.0008287,False,1.7144668,-7.715296
613,group3.centroids_sample_2_7027_8527,854,9,2,-7.7242565,False,6.482017,-14.206274
614,group3.centroids_sample_2_7027_8527,857,8,2,-4.253189,False,2.2506652,-6.5038543
615,group3.centroids_sample_2_7027_8527,857,9,0,-9.925449,False,6.6443167,-16.569767
616,group3.centroids_sample_2_7027_8527,956,0,5,-8.579001,False,6.8132973,-15.392299
617,group3.centroids_sample_2_7027_8527,956,5,3,-0.3356321,False,1.4034772,-1.7391093
618,group3.centroids_sample_2_7027_8527,1005,2,6,-8.151693,True,0.0,-8.151693
619,group3.centroids_sample_2_7027_8527,1006,5,4,-1.2987725,False,0.0,-1.2987725
620,group3.centroids_sample_2_7027_8527,1007,5,3,0.0,False,0.0,0.0
621,group3.centroids_sample_2_7027_8527,1008,1,4,-11.028315,True,0.17347646,-11.201791
622,group3.centroids_sample_2_7027_8527,1137,6,7,0.0,True,0.0,0.0
623,group3.centroids_sample_2_7027_8527,1137,7,1,-3.109511,True,0.30862927,-3.4181402
624,group3.centroids_sample_2_7027_8527,1197,2,1,0.0,False,0.20862484,-0.20862484
625,group3.centroids_sample_2_7027_8527,1197,7,6,-0.13734913,False,0.0,-0.13734913
626,group3.centroids_sample_2_7027_8527,1249,2,8,-7.6296177,False,0.0,-7.6296177
627,group3.centroids_sample_2_7027_8527,1249,4,1,-1.4228208,False,0.74601924,-2.16884
628,group3.centroids_sample_2_7027_8527,1250,2,1,-1.106869,False,0.6644571,-1.7713261
629,group3.centroids_sample_2_7027_8527,1250,4,8,-7.4813776,False,0.0,-7.4813776
630,group3.centroids_sample_2_7027_8527,1289,6,0,-7.1633363,False,4.4628754,-11.626211
631,group3.centroids_sample_2_7027_8527,1289,9,7,-0.7141423,False,0.9218049,-1.6359472
632,group3.centroids_sample_2_7027_8527,1304,6,7,-4.1778307,False,5.94362,-10.12145
633,group3.centroids_sample_2_7027_8527,1304,9,0,-6.5038977,False,2.5516422,-9.05554
634,group3.centroids_sample_2_7027_8527,1350,6,0,-8.293703,False,0.0,-8.293703
635,group3.centroids_sample_2_7027_8527,1350,9,7,-2.1913826,False,0.43509603,-2.6264787
