id,dataset,method,model,chunk,variable,value
11-2.,Lysosomes - Airyscan Confocal,DREEM,,0,count,8.0
11-2.,Lysosomes - Airyscan Confocal,DREEM,,4,count,3.0
11-2.,Lysosomes - Airyscan Confocal,DREEM,,3,count,8.0
11-2.,Lysosomes - Airyscan Confocal,DREEM,,2,count,12.0
11-2.,Lysosomes - Airyscan Confocal,DREEM,,1,count,1.0
7-2.,Lysosomes - Airyscan Confocal,DREEM,,1,count,2.0
7-2.,Lysosomes - Airyscan Confocal,DREEM,,0,count,2.0
8-1.,Lysosomes - Airyscan Confocal,DREEM,,2,count,0.0
8-1.,Lysosomes - Airyscan Confocal,DREEM,,1,count,0.0
8-1.,Lysosomes - Airyscan Confocal,DREEM,,0,count,0.0
8-2.,Lysosomes - Airyscan Confocal,DREEM,,0,count,0.0
8-2.,Lysosomes - Airyscan Confocal,DREEM,,2,count,0.0
8-2.,Lysosomes - Airyscan Confocal,DREEM,,1,count,0.0
8-3.,Lysosomes - Airyscan Confocal,DREEM,,1,count,0.0
8-3.,Lysosomes - Airyscan Confocal,DREEM,,2,count,0.0
8-3.,Lysosomes - Airyscan Confocal,DREEM,,0,count,0.0
9-1.,Lysosomes - Airyscan Confocal,DREEM,,0,count,2.0
9-1.,Lysosomes - Airyscan Confocal,DREEM,,1,count,8.0
9-1.,Lysosomes - Airyscan Confocal,DREEM,,2,count,2.0
9-1.,Lysosomes - Airyscan Confocal,DREEM,,3,count,5.0
9-1.,Lysosomes - Airyscan Confocal,DREEM,,4,count,1.0
9-2.,Lysosomes - Airyscan Confocal,DREEM,,0,count,2.0
9-2.,Lysosomes - Airyscan Confocal,DREEM,,1,count,0.0
9-2.,Lysosomes - Airyscan Confocal,DREEM,,2,count,1.0
9-2.,Lysosomes - Airyscan Confocal,DREEM,,3,count,0.0
9-2.,Lysosomes - Airyscan Confocal,DREEM,,4,count,0.0
test_00,DynamicNuclearNet (cell nuclei) - Fluorescence,DREEM,,0,count,0.0
test_01,DynamicNuclearNet (cell nuclei) - Fluorescence,DREEM,,0,count,2.0
test_02,DynamicNuclearNet (cell nuclei) - Fluorescence,DREEM,,0,count,8.0
test_03,DynamicNuclearNet (cell nuclei) - Fluorescence,DREEM,,0,count,0.0
test_04,DynamicNuclearNet (cell nuclei) - Fluorescence,DREEM,,0,count,0.0
test_05,DynamicNuclearNet (cell nuclei) - Fluorescence,DREEM,,0,count,1.0
test_06,DynamicNuclearNet (cell nuclei) - Fluorescence,DREEM,,0,count,2.0
test_07,DynamicNuclearNet (cell nuclei) - Fluorescence,DREEM,,0,count,54.0
test_08,DynamicNuclearNet (cell nuclei) - Fluorescence,DREEM,,0,count,839.0
test_09,DynamicNuclearNet (cell nuclei) - Fluorescence,DREEM,,0,count,166.0
test_10,DynamicNuclearNet (cell nuclei) - Fluorescence,DREEM,,0,count,47.0
test_11,DynamicNuclearNet (cell nuclei) - Fluorescence,DREEM,,0,count,422.0
A-10-run03,MOTChallenge - DIC,DREEM,,18,count,0.0
A-10-run03,MOTChallenge - DIC,DREEM,,17,count,0.0
A-10-run03,MOTChallenge - DIC,DREEM,,16,count,0.0
A-10-run03,MOTChallenge - DIC,DREEM,,15,count,0.0
A-10-run03,MOTChallenge - DIC,DREEM,,14,count,0.0
A-10-run03,MOTChallenge - DIC,DREEM,,13,count,0.0
A-10-run03,MOTChallenge - DIC,DREEM,,12,count,0.0
A-10-run03,MOTChallenge - DIC,DREEM,,10,count,0.0
A-10-run03,MOTChallenge - DIC,DREEM,,9,count,0.0
A-10-run03,MOTChallenge - DIC,DREEM,,11,count,0.0
A-10-run03,MOTChallenge - DIC,DREEM,,7,count,0.0
A-10-run03,MOTChallenge - DIC,DREEM,,1,count,0.0
A-10-run03,MOTChallenge - DIC,DREEM,,2,count,0.0
A-10-run03,MOTChallenge - DIC,DREEM,,3,count,0.0
A-10-run03,MOTChallenge - DIC,DREEM,,0,count,0.0
A-10-run03,MOTChallenge - DIC,DREEM,,5,count,0.0
A-10-run03,MOTChallenge - DIC,DREEM,,6,count,0.0
A-10-run03,MOTChallenge - DIC,DREEM,,8,count,0.0
A-10-run03,MOTChallenge - DIC,DREEM,,4,count,0.0
A-10-run05,MOTChallenge - DIC,DREEM,,9,count,0.0
A-10-run05,MOTChallenge - DIC,DREEM,,15,count,0.0
A-10-run05,MOTChallenge - DIC,DREEM,,14,count,0.0
A-10-run05,MOTChallenge - DIC,DREEM,,13,count,0.0
A-10-run05,MOTChallenge - DIC,DREEM,,12,count,0.0
A-10-run05,MOTChallenge - DIC,DREEM,,11,count,0.0
A-10-run05,MOTChallenge - DIC,DREEM,,10,count,0.0
A-10-run05,MOTChallenge - DIC,DREEM,,8,count,0.0
A-10-run05,MOTChallenge - DIC,DREEM,,7,count,0.0
A-10-run05,MOTChallenge - DIC,DREEM,,6,count,0.0
A-10-run05,MOTChallenge - DIC,DREEM,,5,count,0.0
A-10-run05,MOTChallenge - DIC,DREEM,,4,count,0.0
A-10-run05,MOTChallenge - DIC,DREEM,,3,count,0.0
A-10-run05,MOTChallenge - DIC,DREEM,,2,count,0.0
A-10-run05,MOTChallenge - DIC,DREEM,,1,count,0.0
A-10-run05,MOTChallenge - DIC,DREEM,,0,count,0.0
BPAE-run03,MOTChallenge - DIC,DREEM,,18,count,0.0
BPAE-run03,MOTChallenge - DIC,DREEM,,17,count,0.0
BPAE-run03,MOTChallenge - DIC,DREEM,,16,count,0.0
BPAE-run03,MOTChallenge - DIC,DREEM,,15,count,0.0
BPAE-run03,MOTChallenge - DIC,DREEM,,14,count,0.0
BPAE-run03,MOTChallenge - DIC,DREEM,,13,count,0.0
BPAE-run03,MOTChallenge - DIC,DREEM,,12,count,0.0
BPAE-run03,MOTChallenge - DIC,DREEM,,11,count,0.0
BPAE-run03,MOTChallenge - DIC,DREEM,,10,count,0.0
BPAE-run03,MOTChallenge - DIC,DREEM,,0,count,0.0
BPAE-run03,MOTChallenge - DIC,DREEM,,8,count,0.0
BPAE-run03,MOTChallenge - DIC,DREEM,,7,count,0.0
BPAE-run03,MOTChallenge - DIC,DREEM,,6,count,0.0
BPAE-run03,MOTChallenge - DIC,DREEM,,5,count,0.0
BPAE-run03,MOTChallenge - DIC,DREEM,,4,count,0.0
BPAE-run03,MOTChallenge - DIC,DREEM,,3,count,0.0
BPAE-run03,MOTChallenge - DIC,DREEM,,2,count,0.0
BPAE-run03,MOTChallenge - DIC,DREEM,,1,count,0.0
BPAE-run03,MOTChallenge - DIC,DREEM,,9,count,2.0
BPAE-run05,MOTChallenge - DIC,DREEM,,12,count,0.0
BPAE-run05,MOTChallenge - DIC,DREEM,,13,count,0.0
BPAE-run05,MOTChallenge - DIC,DREEM,,14,count,0.0
BPAE-run05,MOTChallenge - DIC,DREEM,,11,count,0.0
BPAE-run05,MOTChallenge - DIC,DREEM,,16,count,0.0
BPAE-run05,MOTChallenge - DIC,DREEM,,17,count,0.0
BPAE-run05,MOTChallenge - DIC,DREEM,,15,count,0.0
BPAE-run05,MOTChallenge - DIC,DREEM,,10,count,0.0
BPAE-run05,MOTChallenge - DIC,DREEM,,9,count,0.0
BPAE-run05,MOTChallenge - DIC,DREEM,,0,count,0.0
BPAE-run05,MOTChallenge - DIC,DREEM,,7,count,0.0
BPAE-run05,MOTChallenge - DIC,DREEM,,6,count,0.0
BPAE-run05,MOTChallenge - DIC,DREEM,,5,count,0.0
BPAE-run05,MOTChallenge - DIC,DREEM,,4,count,0.0
BPAE-run05,MOTChallenge - DIC,DREEM,,3,count,0.0
BPAE-run05,MOTChallenge - DIC,DREEM,,2,count,0.0
BPAE-run05,MOTChallenge - DIC,DREEM,,1,count,0.0
BPAE-run05,MOTChallenge - DIC,DREEM,,8,count,0.0
CRE-BAG2-run01,MOTChallenge - DIC,DREEM,,13,count,8.0
CRE-BAG2-run01,MOTChallenge - DIC,DREEM,,14,count,17.0
CRE-BAG2-run01,MOTChallenge - DIC,DREEM,,16,count,0.0
CRE-BAG2-run01,MOTChallenge - DIC,DREEM,,15,count,0.0
CRE-BAG2-run01,MOTChallenge - DIC,DREEM,,18,count,0.0
CRE-BAG2-run01,MOTChallenge - DIC,DREEM,,19,count,0.0
CRE-BAG2-run01,MOTChallenge - DIC,DREEM,,11,count,2.0
CRE-BAG2-run01,MOTChallenge - DIC,DREEM,,17,count,0.0
CRE-BAG2-run01,MOTChallenge - DIC,DREEM,,10,count,2.0
CRE-BAG2-run01,MOTChallenge - DIC,DREEM,,12,count,3.0
CRE-BAG2-run01,MOTChallenge - DIC,DREEM,,8,count,0.0
CRE-BAG2-run01,MOTChallenge - DIC,DREEM,,7,count,2.0
CRE-BAG2-run01,MOTChallenge - DIC,DREEM,,6,count,7.0
CRE-BAG2-run01,MOTChallenge - DIC,DREEM,,5,count,5.0
CRE-BAG2-run01,MOTChallenge - DIC,DREEM,,4,count,7.0
CRE-BAG2-run01,MOTChallenge - DIC,DREEM,,3,count,0.0
CRE-BAG2-run01,MOTChallenge - DIC,DREEM,,2,count,0.0
CRE-BAG2-run01,MOTChallenge - DIC,DREEM,,1,count,0.0
CRE-BAG2-run01,MOTChallenge - DIC,DREEM,,0,count,0.0
CRE-BAG2-run01,MOTChallenge - DIC,DREEM,,9,count,0.0
OK-run01,MOTChallenge - DIC,DREEM,,11,count,4.0
OK-run01,MOTChallenge - DIC,DREEM,,10,count,0.0
OK-run01,MOTChallenge - DIC,DREEM,,9,count,48.0
OK-run01,MOTChallenge - DIC,DREEM,,8,count,19.0
OK-run01,MOTChallenge - DIC,DREEM,,7,count,0.0
OK-run01,MOTChallenge - DIC,DREEM,,6,count,0.0
OK-run01,MOTChallenge - DIC,DREEM,,2,count,0.0
OK-run01,MOTChallenge - DIC,DREEM,,4,count,0.0
OK-run01,MOTChallenge - DIC,DREEM,,3,count,0.0
OK-run01,MOTChallenge - DIC,DREEM,,1,count,0.0
OK-run01,MOTChallenge - DIC,DREEM,,0,count,0.0
OK-run01,MOTChallenge - DIC,DREEM,,5,count,0.0
PL1Ut-run01,MOTChallenge - DIC,DREEM,,12,count,0.0
PL1Ut-run01,MOTChallenge - DIC,DREEM,,11,count,0.0
PL1Ut-run01,MOTChallenge - DIC,DREEM,,13,count,0.0
PL1Ut-run01,MOTChallenge - DIC,DREEM,,10,count,0.0
PL1Ut-run01,MOTChallenge - DIC,DREEM,,15,count,0.0
PL1Ut-run01,MOTChallenge - DIC,DREEM,,16,count,0.0
PL1Ut-run01,MOTChallenge - DIC,DREEM,,17,count,0.0
PL1Ut-run01,MOTChallenge - DIC,DREEM,,14,count,4.0
PL1Ut-run01,MOTChallenge - DIC,DREEM,,9,count,0.0
PL1Ut-run01,MOTChallenge - DIC,DREEM,,6,count,0.0
PL1Ut-run01,MOTChallenge - DIC,DREEM,,7,count,0.0
PL1Ut-run01,MOTChallenge - DIC,DREEM,,5,count,0.0
PL1Ut-run01,MOTChallenge - DIC,DREEM,,4,count,0.0
PL1Ut-run01,MOTChallenge - DIC,DREEM,,3,count,0.0
PL1Ut-run01,MOTChallenge - DIC,DREEM,,2,count,0.0
PL1Ut-run01,MOTChallenge - DIC,DREEM,,1,count,0.0
PL1Ut-run01,MOTChallenge - DIC,DREEM,,0,count,0.0
PL1Ut-run01,MOTChallenge - DIC,DREEM,,8,count,0.0
090303-C2C12P15-FGF2-exp1_F0003,Mouse C2C12 - Phase Contrast,DREEM,,10,count,27.0
090303-C2C12P15-FGF2-exp1_F0003,Mouse C2C12 - Phase Contrast,DREEM,,9,count,139.0
090303-C2C12P15-FGF2-exp1_F0003,Mouse C2C12 - Phase Contrast,DREEM,,8,count,158.0
090303-C2C12P15-FGF2-exp1_F0003,Mouse C2C12 - Phase Contrast,DREEM,,7,count,71.0
090303-C2C12P15-FGF2-exp1_F0003,Mouse C2C12 - Phase Contrast,DREEM,,6,count,105.0
090303-C2C12P15-FGF2-exp1_F0003,Mouse C2C12 - Phase Contrast,DREEM,,3,count,0.0
090303-C2C12P15-FGF2-exp1_F0003,Mouse C2C12 - Phase Contrast,DREEM,,4,count,10.0
090303-C2C12P15-FGF2-exp1_F0003,Mouse C2C12 - Phase Contrast,DREEM,,2,count,6.0
090303-C2C12P15-FGF2-exp1_F0003,Mouse C2C12 - Phase Contrast,DREEM,,1,count,0.0
090303-C2C12P15-FGF2-exp1_F0003,Mouse C2C12 - Phase Contrast,DREEM,,0,count,0.0
090303-C2C12P15-FGF2-exp1_F0003,Mouse C2C12 - Phase Contrast,DREEM,,5,count,22.0
090303-C2C12P15-FGF2-exp1_F0005,Mouse C2C12 - Phase Contrast,DREEM,,10,count,27.0
090303-C2C12P15-FGF2-exp1_F0005,Mouse C2C12 - Phase Contrast,DREEM,,9,count,129.0
090303-C2C12P15-FGF2-exp1_F0005,Mouse C2C12 - Phase Contrast,DREEM,,8,count,113.0
090303-C2C12P15-FGF2-exp1_F0005,Mouse C2C12 - Phase Contrast,DREEM,,7,count,73.0
090303-C2C12P15-FGF2-exp1_F0005,Mouse C2C12 - Phase Contrast,DREEM,,6,count,0.0
090303-C2C12P15-FGF2-exp1_F0005,Mouse C2C12 - Phase Contrast,DREEM,,3,count,1.0
090303-C2C12P15-FGF2-exp1_F0005,Mouse C2C12 - Phase Contrast,DREEM,,4,count,5.0
090303-C2C12P15-FGF2-exp1_F0005,Mouse C2C12 - Phase Contrast,DREEM,,2,count,4.0
090303-C2C12P15-FGF2-exp1_F0005,Mouse C2C12 - Phase Contrast,DREEM,,1,count,0.0
090303-C2C12P15-FGF2-exp1_F0005,Mouse C2C12 - Phase Contrast,DREEM,,0,count,0.0
090303-C2C12P15-FGF2-exp1_F0005,Mouse C2C12 - Phase Contrast,DREEM,,5,count,1.0
090318-C2C12P7-FGF2-exp1_F0005,Mouse C2C12 - Phase Contrast,DREEM,,10,count,14.0
090318-C2C12P7-FGF2-exp1_F0005,Mouse C2C12 - Phase Contrast,DREEM,,9,count,11.0
090318-C2C12P7-FGF2-exp1_F0005,Mouse C2C12 - Phase Contrast,DREEM,,8,count,21.0
090318-C2C12P7-FGF2-exp1_F0005,Mouse C2C12 - Phase Contrast,DREEM,,7,count,42.0
090318-C2C12P7-FGF2-exp1_F0005,Mouse C2C12 - Phase Contrast,DREEM,,6,count,10.0
090318-C2C12P7-FGF2-exp1_F0005,Mouse C2C12 - Phase Contrast,DREEM,,4,count,37.0
090318-C2C12P7-FGF2-exp1_F0005,Mouse C2C12 - Phase Contrast,DREEM,,3,count,2.0
090318-C2C12P7-FGF2-exp1_F0005,Mouse C2C12 - Phase Contrast,DREEM,,2,count,1.0
090318-C2C12P7-FGF2-exp1_F0005,Mouse C2C12 - Phase Contrast,DREEM,,1,count,0.0
090318-C2C12P7-FGF2-exp1_F0005,Mouse C2C12 - Phase Contrast,DREEM,,0,count,0.0
090318-C2C12P7-FGF2-exp1_F0005,Mouse C2C12 - Phase Contrast,DREEM,,5,count,10.0
090318-C2C12P7-FGF2-exp1_F0006,Mouse C2C12 - Phase Contrast,DREEM,,6,count,3.0
090318-C2C12P7-FGF2-exp1_F0006,Mouse C2C12 - Phase Contrast,DREEM,,8,count,7.0
090318-C2C12P7-FGF2-exp1_F0006,Mouse C2C12 - Phase Contrast,DREEM,,7,count,13.0
090318-C2C12P7-FGF2-exp1_F0006,Mouse C2C12 - Phase Contrast,DREEM,,5,count,2.0
090318-C2C12P7-FGF2-exp1_F0006,Mouse C2C12 - Phase Contrast,DREEM,,9,count,2.0
090318-C2C12P7-FGF2-exp1_F0006,Mouse C2C12 - Phase Contrast,DREEM,,3,count,2.0
090318-C2C12P7-FGF2-exp1_F0006,Mouse C2C12 - Phase Contrast,DREEM,,2,count,0.0
090318-C2C12P7-FGF2-exp1_F0006,Mouse C2C12 - Phase Contrast,DREEM,,1,count,0.0
090318-C2C12P7-FGF2-exp1_F0006,Mouse C2C12 - Phase Contrast,DREEM,,0,count,0.0
090318-C2C12P7-FGF2-exp1_F0006,Mouse C2C12 - Phase Contrast,DREEM,,4,count,2.0
090318-C2C12P7-FGF2-exp1_F0006,Mouse C2C12 - Phase Contrast,DREEM,,10,count,8.0
test_00,DynamicNuclearNet (cell nuclei) - Fluorescence,Trackastra,pretrained - 'general_2d',0,count,3.0
test_01,DynamicNuclearNet (cell nuclei) - Fluorescence,Trackastra,pretrained - 'general_2d',0,count,5.0
test_02,DynamicNuclearNet (cell nuclei) - Fluorescence,Trackastra,pretrained - 'general_2d',0,count,9.0
test_03,DynamicNuclearNet (cell nuclei) - Fluorescence,Trackastra,pretrained - 'general_2d',0,count,4.0
test_04,DynamicNuclearNet (cell nuclei) - Fluorescence,Trackastra,pretrained - 'general_2d',0,count,1.0
test_05,DynamicNuclearNet (cell nuclei) - Fluorescence,Trackastra,pretrained - 'general_2d',0,count,36.0
test_06,DynamicNuclearNet (cell nuclei) - Fluorescence,Trackastra,pretrained - 'general_2d',0,count,24.0
test_07,DynamicNuclearNet (cell nuclei) - Fluorescence,Trackastra,pretrained - 'general_2d',0,count,12.0
test_08,DynamicNuclearNet (cell nuclei) - Fluorescence,Trackastra,pretrained - 'general_2d',0,count,445.0
test_09,DynamicNuclearNet (cell nuclei) - Fluorescence,Trackastra,pretrained - 'general_2d',0,count,208.0
test_10,DynamicNuclearNet (cell nuclei) - Fluorescence,Trackastra,pretrained - 'general_2d',0,count,66.0
test_11,DynamicNuclearNet (cell nuclei) - Fluorescence,Trackastra,pretrained - 'general_2d',0,count,428.0
11-2.,Lysosomes - Airyscan Confocal,Trackastra,pretrained - 'general_2d',0,count,6.0
11-2.,Lysosomes - Airyscan Confocal,Trackastra,pretrained - 'general_2d',1,count,3.0
11-2.,Lysosomes - Airyscan Confocal,Trackastra,pretrained - 'general_2d',2,count,11.0
11-2.,Lysosomes - Airyscan Confocal,Trackastra,pretrained - 'general_2d',3,count,13.0
11-2.,Lysosomes - Airyscan Confocal,Trackastra,pretrained - 'general_2d',4,count,5.0
7-2.,Lysosomes - Airyscan Confocal,Trackastra,pretrained - 'general_2d',0,count,6.0
7-2.,Lysosomes - Airyscan Confocal,Trackastra,pretrained - 'general_2d',1,count,9.0
8-1.,Lysosomes - Airyscan Confocal,Trackastra,pretrained - 'general_2d',0,count,0.0
8-1.,Lysosomes - Airyscan Confocal,Trackastra,pretrained - 'general_2d',1,count,0.0
8-1.,Lysosomes - Airyscan Confocal,Trackastra,pretrained - 'general_2d',2,count,0.0
8-2.,Lysosomes - Airyscan Confocal,Trackastra,pretrained - 'general_2d',0,count,0.0
8-2.,Lysosomes - Airyscan Confocal,Trackastra,pretrained - 'general_2d',1,count,0.0
8-2.,Lysosomes - Airyscan Confocal,Trackastra,pretrained - 'general_2d',2,count,0.0
9-1.,Lysosomes - Airyscan Confocal,Trackastra,pretrained - 'general_2d',0,count,4.0
9-1.,Lysosomes - Airyscan Confocal,Trackastra,pretrained - 'general_2d',1,count,13.0
9-1.,Lysosomes - Airyscan Confocal,Trackastra,pretrained - 'general_2d',2,count,2.0
9-1.,Lysosomes - Airyscan Confocal,Trackastra,pretrained - 'general_2d',3,count,15.0
9-1.,Lysosomes - Airyscan Confocal,Trackastra,pretrained - 'general_2d',4,count,3.0
9-2.,Lysosomes - Airyscan Confocal,Trackastra,pretrained - 'general_2d',0,count,9.0
9-2.,Lysosomes - Airyscan Confocal,Trackastra,pretrained - 'general_2d',1,count,3.0
9-2.,Lysosomes - Airyscan Confocal,Trackastra,pretrained - 'general_2d',2,count,2.0
9-2.,Lysosomes - Airyscan Confocal,Trackastra,pretrained - 'general_2d',3,count,7.0
9-2.,Lysosomes - Airyscan Confocal,Trackastra,pretrained - 'general_2d',4,count,1.0
A-10-run03,MOTChallenge - DIC,Trackastra,pretrained - 'general_2d',0,count,0.0
A-10-run03,MOTChallenge - DIC,Trackastra,pretrained - 'general_2d',1,count,0.0
A-10-run03,MOTChallenge - DIC,Trackastra,pretrained - 'general_2d',2,count,0.0
A-10-run03,MOTChallenge - DIC,Trackastra,pretrained - 'general_2d',3,count,0.0
A-10-run03,MOTChallenge - DIC,Trackastra,pretrained - 'general_2d',4,count,0.0
A-10-run03,MOTChallenge - DIC,Trackastra,pretrained - 'general_2d',5,count,0.0
A-10-run03,MOTChallenge - DIC,Trackastra,pretrained - 'general_2d',6,count,0.0
A-10-run03,MOTChallenge - DIC,Trackastra,pretrained - 'general_2d',7,count,0.0
A-10-run03,MOTChallenge - DIC,Trackastra,pretrained - 'general_2d',8,count,0.0
A-10-run03,MOTChallenge - DIC,Trackastra,pretrained - 'general_2d',9,count,0.0
A-10-run03,MOTChallenge - DIC,Trackastra,pretrained - 'general_2d',10,count,0.0
A-10-run03,MOTChallenge - DIC,Trackastra,pretrained - 'general_2d',11,count,0.0
A-10-run03,MOTChallenge - DIC,Trackastra,pretrained - 'general_2d',12,count,0.0
A-10-run03,MOTChallenge - DIC,Trackastra,pretrained - 'general_2d',13,count,0.0
A-10-run03,MOTChallenge - DIC,Trackastra,pretrained - 'general_2d',14,count,0.0
A-10-run03,MOTChallenge - DIC,Trackastra,pretrained - 'general_2d',15,count,0.0
A-10-run03,MOTChallenge - DIC,Trackastra,pretrained - 'general_2d',16,count,0.0
A-10-run03,MOTChallenge - DIC,Trackastra,pretrained - 'general_2d',17,count,0.0
A-10-run03,MOTChallenge - DIC,Trackastra,pretrained - 'general_2d',18,count,0.0
A-10-run05,MOTChallenge - DIC,Trackastra,pretrained - 'general_2d',0,count,0.0
A-10-run05,MOTChallenge - DIC,Trackastra,pretrained - 'general_2d',1,count,0.0
A-10-run05,MOTChallenge - DIC,Trackastra,pretrained - 'general_2d',2,count,0.0
A-10-run05,MOTChallenge - DIC,Trackastra,pretrained - 'general_2d',3,count,0.0
A-10-run05,MOTChallenge - DIC,Trackastra,pretrained - 'general_2d',4,count,0.0
A-10-run05,MOTChallenge - DIC,Trackastra,pretrained - 'general_2d',5,count,0.0
A-10-run05,MOTChallenge - DIC,Trackastra,pretrained - 'general_2d',6,count,0.0
A-10-run05,MOTChallenge - DIC,Trackastra,pretrained - 'general_2d',7,count,0.0
A-10-run05,MOTChallenge - DIC,Trackastra,pretrained - 'general_2d',8,count,0.0
A-10-run05,MOTChallenge - DIC,Trackastra,pretrained - 'general_2d',9,count,0.0
A-10-run05,MOTChallenge - DIC,Trackastra,pretrained - 'general_2d',10,count,0.0
A-10-run05,MOTChallenge - DIC,Trackastra,pretrained - 'general_2d',11,count,0.0
A-10-run05,MOTChallenge - DIC,Trackastra,pretrained - 'general_2d',12,count,0.0
A-10-run05,MOTChallenge - DIC,Trackastra,pretrained - 'general_2d',13,count,0.0
A-10-run05,MOTChallenge - DIC,Trackastra,pretrained - 'general_2d',14,count,0.0
A-10-run05,MOTChallenge - DIC,Trackastra,pretrained - 'general_2d',15,count,0.0
BPAE-run03,MOTChallenge - DIC,Trackastra,pretrained - 'general_2d',0,count,0.0
BPAE-run03,MOTChallenge - DIC,Trackastra,pretrained - 'general_2d',1,count,0.0
BPAE-run03,MOTChallenge - DIC,Trackastra,pretrained - 'general_2d',2,count,0.0
BPAE-run03,MOTChallenge - DIC,Trackastra,pretrained - 'general_2d',3,count,0.0
BPAE-run03,MOTChallenge - DIC,Trackastra,pretrained - 'general_2d',4,count,0.0
BPAE-run03,MOTChallenge - DIC,Trackastra,pretrained - 'general_2d',5,count,0.0
BPAE-run03,MOTChallenge - DIC,Trackastra,pretrained - 'general_2d',6,count,0.0
BPAE-run03,MOTChallenge - DIC,Trackastra,pretrained - 'general_2d',7,count,0.0
BPAE-run03,MOTChallenge - DIC,Trackastra,pretrained - 'general_2d',8,count,0.0
BPAE-run03,MOTChallenge - DIC,Trackastra,pretrained - 'general_2d',9,count,0.0
BPAE-run03,MOTChallenge - DIC,Trackastra,pretrained - 'general_2d',10,count,0.0
BPAE-run03,MOTChallenge - DIC,Trackastra,pretrained - 'general_2d',11,count,0.0
BPAE-run03,MOTChallenge - DIC,Trackastra,pretrained - 'general_2d',12,count,0.0
BPAE-run03,MOTChallenge - DIC,Trackastra,pretrained - 'general_2d',13,count,0.0
BPAE-run03,MOTChallenge - DIC,Trackastra,pretrained - 'general_2d',14,count,0.0
BPAE-run03,MOTChallenge - DIC,Trackastra,pretrained - 'general_2d',15,count,0.0
BPAE-run03,MOTChallenge - DIC,Trackastra,pretrained - 'general_2d',16,count,0.0
BPAE-run03,MOTChallenge - DIC,Trackastra,pretrained - 'general_2d',17,count,0.0
BPAE-run03,MOTChallenge - DIC,Trackastra,pretrained - 'general_2d',18,count,0.0
BPAE-run05,MOTChallenge - DIC,Trackastra,pretrained - 'general_2d',0,count,0.0
BPAE-run05,MOTChallenge - DIC,Trackastra,pretrained - 'general_2d',1,count,0.0
BPAE-run05,MOTChallenge - DIC,Trackastra,pretrained - 'general_2d',2,count,0.0
BPAE-run05,MOTChallenge - DIC,Trackastra,pretrained - 'general_2d',3,count,0.0
BPAE-run05,MOTChallenge - DIC,Trackastra,pretrained - 'general_2d',4,count,0.0
BPAE-run05,MOTChallenge - DIC,Trackastra,pretrained - 'general_2d',5,count,0.0
BPAE-run05,MOTChallenge - DIC,Trackastra,pretrained - 'general_2d',6,count,0.0
BPAE-run05,MOTChallenge - DIC,Trackastra,pretrained - 'general_2d',7,count,0.0
BPAE-run05,MOTChallenge - DIC,Trackastra,pretrained - 'general_2d',8,count,0.0
BPAE-run05,MOTChallenge - DIC,Trackastra,pretrained - 'general_2d',9,count,0.0
BPAE-run05,MOTChallenge - DIC,Trackastra,pretrained - 'general_2d',10,count,0.0
BPAE-run05,MOTChallenge - DIC,Trackastra,pretrained - 'general_2d',11,count,0.0
BPAE-run05,MOTChallenge - DIC,Trackastra,pretrained - 'general_2d',12,count,0.0
BPAE-run05,MOTChallenge - DIC,Trackastra,pretrained - 'general_2d',13,count,0.0
BPAE-run05,MOTChallenge - DIC,Trackastra,pretrained - 'general_2d',14,count,0.0
BPAE-run05,MOTChallenge - DIC,Trackastra,pretrained - 'general_2d',15,count,0.0
BPAE-run05,MOTChallenge - DIC,Trackastra,pretrained - 'general_2d',16,count,0.0
BPAE-run05,MOTChallenge - DIC,Trackastra,pretrained - 'general_2d',17,count,0.0
CRE-BAG2-run01,MOTChallenge - DIC,Trackastra,pretrained - 'general_2d',0,count,0.0
CRE-BAG2-run01,MOTChallenge - DIC,Trackastra,pretrained - 'general_2d',1,count,0.0
CRE-BAG2-run01,MOTChallenge - DIC,Trackastra,pretrained - 'general_2d',2,count,0.0
CRE-BAG2-run01,MOTChallenge - DIC,Trackastra,pretrained - 'general_2d',3,count,2.0
CRE-BAG2-run01,MOTChallenge - DIC,Trackastra,pretrained - 'general_2d',4,count,0.0
CRE-BAG2-run01,MOTChallenge - DIC,Trackastra,pretrained - 'general_2d',5,count,2.0
CRE-BAG2-run01,MOTChallenge - DIC,Trackastra,pretrained - 'general_2d',6,count,1.0
CRE-BAG2-run01,MOTChallenge - DIC,Trackastra,pretrained - 'general_2d',7,count,0.0
CRE-BAG2-run01,MOTChallenge - DIC,Trackastra,pretrained - 'general_2d',8,count,0.0
CRE-BAG2-run01,MOTChallenge - DIC,Trackastra,pretrained - 'general_2d',9,count,0.0
CRE-BAG2-run01,MOTChallenge - DIC,Trackastra,pretrained - 'general_2d',10,count,3.0
CRE-BAG2-run01,MOTChallenge - DIC,Trackastra,pretrained - 'general_2d',11,count,0.0
CRE-BAG2-run01,MOTChallenge - DIC,Trackastra,pretrained - 'general_2d',12,count,0.0
CRE-BAG2-run01,MOTChallenge - DIC,Trackastra,pretrained - 'general_2d',13,count,0.0
CRE-BAG2-run01,MOTChallenge - DIC,Trackastra,pretrained - 'general_2d',14,count,0.0
CRE-BAG2-run01,MOTChallenge - DIC,Trackastra,pretrained - 'general_2d',15,count,1.0
CRE-BAG2-run01,MOTChallenge - DIC,Trackastra,pretrained - 'general_2d',16,count,5.0
CRE-BAG2-run01,MOTChallenge - DIC,Trackastra,pretrained - 'general_2d',17,count,2.0
CRE-BAG2-run01,MOTChallenge - DIC,Trackastra,pretrained - 'general_2d',18,count,0.0
CRE-BAG2-run01,MOTChallenge - DIC,Trackastra,pretrained - 'general_2d',19,count,0.0
OK-run01,MOTChallenge - DIC,Trackastra,pretrained - 'general_2d',0,count,0.0
OK-run01,MOTChallenge - DIC,Trackastra,pretrained - 'general_2d',1,count,0.0
OK-run01,MOTChallenge - DIC,Trackastra,pretrained - 'general_2d',2,count,0.0
OK-run01,MOTChallenge - DIC,Trackastra,pretrained - 'general_2d',3,count,0.0
OK-run01,MOTChallenge - DIC,Trackastra,pretrained - 'general_2d',4,count,0.0
OK-run01,MOTChallenge - DIC,Trackastra,pretrained - 'general_2d',5,count,0.0
OK-run01,MOTChallenge - DIC,Trackastra,pretrained - 'general_2d',6,count,0.0
OK-run01,MOTChallenge - DIC,Trackastra,pretrained - 'general_2d',7,count,1.0
OK-run01,MOTChallenge - DIC,Trackastra,pretrained - 'general_2d',8,count,0.0
OK-run01,MOTChallenge - DIC,Trackastra,pretrained - 'general_2d',9,count,2.0
OK-run01,MOTChallenge - DIC,Trackastra,pretrained - 'general_2d',10,count,0.0
OK-run01,MOTChallenge - DIC,Trackastra,pretrained - 'general_2d',11,count,0.0
PL1Ut-run01,MOTChallenge - DIC,Trackastra,pretrained - 'general_2d',0,count,0.0
PL1Ut-run01,MOTChallenge - DIC,Trackastra,pretrained - 'general_2d',1,count,0.0
PL1Ut-run01,MOTChallenge - DIC,Trackastra,pretrained - 'general_2d',2,count,0.0
PL1Ut-run01,MOTChallenge - DIC,Trackastra,pretrained - 'general_2d',3,count,0.0
PL1Ut-run01,MOTChallenge - DIC,Trackastra,pretrained - 'general_2d',4,count,0.0
PL1Ut-run01,MOTChallenge - DIC,Trackastra,pretrained - 'general_2d',5,count,0.0
PL1Ut-run01,MOTChallenge - DIC,Trackastra,pretrained - 'general_2d',6,count,0.0
PL1Ut-run01,MOTChallenge - DIC,Trackastra,pretrained - 'general_2d',7,count,0.0
PL1Ut-run01,MOTChallenge - DIC,Trackastra,pretrained - 'general_2d',8,count,0.0
PL1Ut-run01,MOTChallenge - DIC,Trackastra,pretrained - 'general_2d',9,count,0.0
PL1Ut-run01,MOTChallenge - DIC,Trackastra,pretrained - 'general_2d',10,count,0.0
PL1Ut-run01,MOTChallenge - DIC,Trackastra,pretrained - 'general_2d',11,count,0.0
PL1Ut-run01,MOTChallenge - DIC,Trackastra,pretrained - 'general_2d',12,count,4.0
PL1Ut-run01,MOTChallenge - DIC,Trackastra,pretrained - 'general_2d',13,count,0.0
PL1Ut-run01,MOTChallenge - DIC,Trackastra,pretrained - 'general_2d',14,count,0.0
PL1Ut-run01,MOTChallenge - DIC,Trackastra,pretrained - 'general_2d',15,count,0.0
PL1Ut-run01,MOTChallenge - DIC,Trackastra,pretrained - 'general_2d',16,count,0.0
PL1Ut-run01,MOTChallenge - DIC,Trackastra,pretrained - 'general_2d',17,count,0.0
090303-C2C12P15-FGF2-exp1_F0003,Mouse C2C12 - Phase Contrast,Trackastra,pretrained - 'general_2d',0,count,0.0
090303-C2C12P15-FGF2-exp1_F0003,Mouse C2C12 - Phase Contrast,Trackastra,pretrained - 'general_2d',1,count,0.0
090303-C2C12P15-FGF2-exp1_F0003,Mouse C2C12 - Phase Contrast,Trackastra,pretrained - 'general_2d',2,count,2.0
090303-C2C12P15-FGF2-exp1_F0003,Mouse C2C12 - Phase Contrast,Trackastra,pretrained - 'general_2d',3,count,0.0
090303-C2C12P15-FGF2-exp1_F0003,Mouse C2C12 - Phase Contrast,Trackastra,pretrained - 'general_2d',4,count,1.0
090303-C2C12P15-FGF2-exp1_F0003,Mouse C2C12 - Phase Contrast,Trackastra,pretrained - 'general_2d',5,count,4.0
090303-C2C12P15-FGF2-exp1_F0003,Mouse C2C12 - Phase Contrast,Trackastra,pretrained - 'general_2d',6,count,5.0
090303-C2C12P15-FGF2-exp1_F0003,Mouse C2C12 - Phase Contrast,Trackastra,pretrained - 'general_2d',7,count,15.0
090303-C2C12P15-FGF2-exp1_F0003,Mouse C2C12 - Phase Contrast,Trackastra,pretrained - 'general_2d',8,count,0.0
090303-C2C12P15-FGF2-exp1_F0003,Mouse C2C12 - Phase Contrast,Trackastra,pretrained - 'general_2d',9,count,1.0
090303-C2C12P15-FGF2-exp1_F0003,Mouse C2C12 - Phase Contrast,Trackastra,pretrained - 'general_2d',10,count,0.0
090303-C2C12P15-FGF2-exp1_F0005,Mouse C2C12 - Phase Contrast,Trackastra,pretrained - 'general_2d',0,count,0.0
090303-C2C12P15-FGF2-exp1_F0005,Mouse C2C12 - Phase Contrast,Trackastra,pretrained - 'general_2d',1,count,0.0
090303-C2C12P15-FGF2-exp1_F0005,Mouse C2C12 - Phase Contrast,Trackastra,pretrained - 'general_2d',2,count,0.0
090303-C2C12P15-FGF2-exp1_F0005,Mouse C2C12 - Phase Contrast,Trackastra,pretrained - 'general_2d',3,count,1.0
090303-C2C12P15-FGF2-exp1_F0005,Mouse C2C12 - Phase Contrast,Trackastra,pretrained - 'general_2d',4,count,1.0
090303-C2C12P15-FGF2-exp1_F0005,Mouse C2C12 - Phase Contrast,Trackastra,pretrained - 'general_2d',5,count,3.0
090303-C2C12P15-FGF2-exp1_F0005,Mouse C2C12 - Phase Contrast,Trackastra,pretrained - 'general_2d',6,count,0.0
090303-C2C12P15-FGF2-exp1_F0005,Mouse C2C12 - Phase Contrast,Trackastra,pretrained - 'general_2d',7,count,7.0
090303-C2C12P15-FGF2-exp1_F0005,Mouse C2C12 - Phase Contrast,Trackastra,pretrained - 'general_2d',8,count,1.0
090303-C2C12P15-FGF2-exp1_F0005,Mouse C2C12 - Phase Contrast,Trackastra,pretrained - 'general_2d',9,count,4.0
090303-C2C12P15-FGF2-exp1_F0005,Mouse C2C12 - Phase Contrast,Trackastra,pretrained - 'general_2d',10,count,1.0
090318-C2C12P7-FGF2-exp1_F0005,Mouse C2C12 - Phase Contrast,Trackastra,pretrained - 'general_2d',0,count,0.0
090318-C2C12P7-FGF2-exp1_F0005,Mouse C2C12 - Phase Contrast,Trackastra,pretrained - 'general_2d',1,count,0.0
090318-C2C12P7-FGF2-exp1_F0005,Mouse C2C12 - Phase Contrast,Trackastra,pretrained - 'general_2d',2,count,1.0
090318-C2C12P7-FGF2-exp1_F0005,Mouse C2C12 - Phase Contrast,Trackastra,pretrained - 'general_2d',3,count,1.0
090318-C2C12P7-FGF2-exp1_F0005,Mouse C2C12 - Phase Contrast,Trackastra,pretrained - 'general_2d',4,count,2.0
090318-C2C12P7-FGF2-exp1_F0005,Mouse C2C12 - Phase Contrast,Trackastra,pretrained - 'general_2d',5,count,2.0
090318-C2C12P7-FGF2-exp1_F0005,Mouse C2C12 - Phase Contrast,Trackastra,pretrained - 'general_2d',6,count,4.0
090318-C2C12P7-FGF2-exp1_F0005,Mouse C2C12 - Phase Contrast,Trackastra,pretrained - 'general_2d',7,count,11.0
090318-C2C12P7-FGF2-exp1_F0005,Mouse C2C12 - Phase Contrast,Trackastra,pretrained - 'general_2d',8,count,0.0
090318-C2C12P7-FGF2-exp1_F0005,Mouse C2C12 - Phase Contrast,Trackastra,pretrained - 'general_2d',9,count,4.0
090318-C2C12P7-FGF2-exp1_F0005,Mouse C2C12 - Phase Contrast,Trackastra,pretrained - 'general_2d',10,count,4.0
090318-C2C12P7-FGF2-exp1_F0006,Mouse C2C12 - Phase Contrast,Trackastra,pretrained - 'general_2d',0,count,0.0
090318-C2C12P7-FGF2-exp1_F0006,Mouse C2C12 - Phase Contrast,Trackastra,pretrained - 'general_2d',1,count,0.0
090318-C2C12P7-FGF2-exp1_F0006,Mouse C2C12 - Phase Contrast,Trackastra,pretrained - 'general_2d',2,count,0.0
090318-C2C12P7-FGF2-exp1_F0006,Mouse C2C12 - Phase Contrast,Trackastra,pretrained - 'general_2d',3,count,1.0
090318-C2C12P7-FGF2-exp1_F0006,Mouse C2C12 - Phase Contrast,Trackastra,pretrained - 'general_2d',4,count,3.0
090318-C2C12P7-FGF2-exp1_F0006,Mouse C2C12 - Phase Contrast,Trackastra,pretrained - 'general_2d',5,count,0.0
090318-C2C12P7-FGF2-exp1_F0006,Mouse C2C12 - Phase Contrast,Trackastra,pretrained - 'general_2d',6,count,1.0
090318-C2C12P7-FGF2-exp1_F0006,Mouse C2C12 - Phase Contrast,Trackastra,pretrained - 'general_2d',7,count,2.0
090318-C2C12P7-FGF2-exp1_F0006,Mouse C2C12 - Phase Contrast,Trackastra,pretrained - 'general_2d',8,count,0.0
090318-C2C12P7-FGF2-exp1_F0006,Mouse C2C12 - Phase Contrast,Trackastra,pretrained - 'general_2d',9,count,1.0
090318-C2C12P7-FGF2-exp1_F0006,Mouse C2C12 - Phase Contrast,Trackastra,pretrained - 'general_2d',10,count,0.0
090303-C2C12P15-FGF2-exp1_F0003,Mouse C2C12 - Phase Contrast,Trackmate,Mask Detector + Advanced Kalman Tracker,0,count,2.0
090303-C2C12P15-FGF2-exp1_F0003,Mouse C2C12 - Phase Contrast,Trackmate,Mask Detector + Advanced Kalman Tracker,1,count,10.0
090303-C2C12P15-FGF2-exp1_F0003,Mouse C2C12 - Phase Contrast,Trackmate,Mask Detector + Advanced Kalman Tracker,2,count,12.0
090303-C2C12P15-FGF2-exp1_F0003,Mouse C2C12 - Phase Contrast,Trackmate,Mask Detector + Advanced Kalman Tracker,3,count,15.0
090303-C2C12P15-FGF2-exp1_F0003,Mouse C2C12 - Phase Contrast,Trackmate,Mask Detector + Advanced Kalman Tracker,4,count,37.0
090303-C2C12P15-FGF2-exp1_F0003,Mouse C2C12 - Phase Contrast,Trackmate,Mask Detector + Advanced Kalman Tracker,5,count,106.0
090303-C2C12P15-FGF2-exp1_F0003,Mouse C2C12 - Phase Contrast,Trackmate,Mask Detector + Advanced Kalman Tracker,6,count,174.0
090303-C2C12P15-FGF2-exp1_F0003,Mouse C2C12 - Phase Contrast,Trackmate,Mask Detector + Advanced Kalman Tracker,7,count,181.0
090303-C2C12P15-FGF2-exp1_F0003,Mouse C2C12 - Phase Contrast,Trackmate,Mask Detector + Advanced Kalman Tracker,8,count,428.0
090303-C2C12P15-FGF2-exp1_F0003,Mouse C2C12 - Phase Contrast,Trackmate,Mask Detector + Advanced Kalman Tracker,9,count,242.0
090303-C2C12P15-FGF2-exp1_F0003,Mouse C2C12 - Phase Contrast,Trackmate,Mask Detector + Advanced Kalman Tracker,10,count,45.0
090303-C2C12P15-FGF2-exp1_F0005,Mouse C2C12 - Phase Contrast,Trackmate,Mask Detector + Advanced Kalman Tracker,10,count,0.0
090303-C2C12P15-FGF2-exp1_F0005,Mouse C2C12 - Phase Contrast,Trackmate,Mask Detector + Advanced Kalman Tracker,9,count,6.0
090303-C2C12P15-FGF2-exp1_F0005,Mouse C2C12 - Phase Contrast,Trackmate,Mask Detector + Advanced Kalman Tracker,8,count,6.0
090303-C2C12P15-FGF2-exp1_F0005,Mouse C2C12 - Phase Contrast,Trackmate,Mask Detector + Advanced Kalman Tracker,7,count,6.0
090303-C2C12P15-FGF2-exp1_F0005,Mouse C2C12 - Phase Contrast,Trackmate,Mask Detector + Advanced Kalman Tracker,6,count,7.0
090303-C2C12P15-FGF2-exp1_F0005,Mouse C2C12 - Phase Contrast,Trackmate,Mask Detector + Advanced Kalman Tracker,2,count,0.0
090303-C2C12P15-FGF2-exp1_F0005,Mouse C2C12 - Phase Contrast,Trackmate,Mask Detector + Advanced Kalman Tracker,4,count,0.0
090303-C2C12P15-FGF2-exp1_F0005,Mouse C2C12 - Phase Contrast,Trackmate,Mask Detector + Advanced Kalman Tracker,3,count,0.0
090303-C2C12P15-FGF2-exp1_F0005,Mouse C2C12 - Phase Contrast,Trackmate,Mask Detector + Advanced Kalman Tracker,1,count,0.0
090303-C2C12P15-FGF2-exp1_F0005,Mouse C2C12 - Phase Contrast,Trackmate,Mask Detector + Advanced Kalman Tracker,0,count,0.0
090303-C2C12P15-FGF2-exp1_F0005,Mouse C2C12 - Phase Contrast,Trackmate,Mask Detector + Advanced Kalman Tracker,5,count,0.0
090318-C2C12P7-FGF2-exp1_F0005,Mouse C2C12 - Phase Contrast,Trackmate,Mask Detector + Advanced Kalman Tracker,7,count,66.0
090318-C2C12P7-FGF2-exp1_F0005,Mouse C2C12 - Phase Contrast,Trackmate,Mask Detector + Advanced Kalman Tracker,10,count,8.0
090318-C2C12P7-FGF2-exp1_F0005,Mouse C2C12 - Phase Contrast,Trackmate,Mask Detector + Advanced Kalman Tracker,9,count,30.0
090318-C2C12P7-FGF2-exp1_F0005,Mouse C2C12 - Phase Contrast,Trackmate,Mask Detector + Advanced Kalman Tracker,8,count,17.0
090318-C2C12P7-FGF2-exp1_F0005,Mouse C2C12 - Phase Contrast,Trackmate,Mask Detector + Advanced Kalman Tracker,6,count,22.0
090318-C2C12P7-FGF2-exp1_F0005,Mouse C2C12 - Phase Contrast,Trackmate,Mask Detector + Advanced Kalman Tracker,3,count,2.0
090318-C2C12P7-FGF2-exp1_F0005,Mouse C2C12 - Phase Contrast,Trackmate,Mask Detector + Advanced Kalman Tracker,4,count,30.0
090318-C2C12P7-FGF2-exp1_F0005,Mouse C2C12 - Phase Contrast,Trackmate,Mask Detector + Advanced Kalman Tracker,2,count,3.0
090318-C2C12P7-FGF2-exp1_F0005,Mouse C2C12 - Phase Contrast,Trackmate,Mask Detector + Advanced Kalman Tracker,1,count,0.0
090318-C2C12P7-FGF2-exp1_F0005,Mouse C2C12 - Phase Contrast,Trackmate,Mask Detector + Advanced Kalman Tracker,0,count,0.0
090318-C2C12P7-FGF2-exp1_F0005,Mouse C2C12 - Phase Contrast,Trackmate,Mask Detector + Advanced Kalman Tracker,5,count,17.0
090318-C2C12P7-FGF2-exp1_F0006,Mouse C2C12 - Phase Contrast,Trackmate,Mask Detector + Advanced Kalman Tracker,10,count,0.0
090318-C2C12P7-FGF2-exp1_F0006,Mouse C2C12 - Phase Contrast,Trackmate,Mask Detector + Advanced Kalman Tracker,9,count,4.0
090318-C2C12P7-FGF2-exp1_F0006,Mouse C2C12 - Phase Contrast,Trackmate,Mask Detector + Advanced Kalman Tracker,8,count,2.0
090318-C2C12P7-FGF2-exp1_F0006,Mouse C2C12 - Phase Contrast,Trackmate,Mask Detector + Advanced Kalman Tracker,7,count,19.0
090318-C2C12P7-FGF2-exp1_F0006,Mouse C2C12 - Phase Contrast,Trackmate,Mask Detector + Advanced Kalman Tracker,5,count,18.0
090318-C2C12P7-FGF2-exp1_F0006,Mouse C2C12 - Phase Contrast,Trackmate,Mask Detector + Advanced Kalman Tracker,6,count,15.0
090318-C2C12P7-FGF2-exp1_F0006,Mouse C2C12 - Phase Contrast,Trackmate,Mask Detector + Advanced Kalman Tracker,3,count,7.0
090318-C2C12P7-FGF2-exp1_F0006,Mouse C2C12 - Phase Contrast,Trackmate,Mask Detector + Advanced Kalman Tracker,2,count,0.0
090318-C2C12P7-FGF2-exp1_F0006,Mouse C2C12 - Phase Contrast,Trackmate,Mask Detector + Advanced Kalman Tracker,1,count,0.0
090318-C2C12P7-FGF2-exp1_F0006,Mouse C2C12 - Phase Contrast,Trackmate,Mask Detector + Advanced Kalman Tracker,0,count,0.0
090318-C2C12P7-FGF2-exp1_F0006,Mouse C2C12 - Phase Contrast,Trackmate,Mask Detector + Advanced Kalman Tracker,4,count,9.0
11-2.,Lysosomes - Airyscan Confocal,Trackmate,Mask Detector + Advanced Kalman Tracker,0,count,29.0
11-2.,Lysosomes - Airyscan Confocal,Trackmate,Mask Detector + Advanced Kalman Tracker,1,count,15.0
11-2.,Lysosomes - Airyscan Confocal,Trackmate,Mask Detector + Advanced Kalman Tracker,2,count,42.0
11-2.,Lysosomes - Airyscan Confocal,Trackmate,Mask Detector + Advanced Kalman Tracker,3,count,34.0
11-2.,Lysosomes - Airyscan Confocal,Trackmate,Mask Detector + Advanced Kalman Tracker,4,count,25.0
7-2.,Lysosomes - Airyscan Confocal,Trackmate,Mask Detector + Advanced Kalman Tracker,1,count,1.0
7-2.,Lysosomes - Airyscan Confocal,Trackmate,Mask Detector + Advanced Kalman Tracker,0,count,15.0
8-1.,Lysosomes - Airyscan Confocal,Trackmate,Mask Detector + Advanced Kalman Tracker,1,count,0.0
8-1.,Lysosomes - Airyscan Confocal,Trackmate,Mask Detector + Advanced Kalman Tracker,2,count,0.0
8-1.,Lysosomes - Airyscan Confocal,Trackmate,Mask Detector + Advanced Kalman Tracker,0,count,0.0
8-2.,Lysosomes - Airyscan Confocal,Trackmate,Mask Detector + Advanced Kalman Tracker,0,count,2.0
8-2.,Lysosomes - Airyscan Confocal,Trackmate,Mask Detector + Advanced Kalman Tracker,1,count,2.0
8-2.,Lysosomes - Airyscan Confocal,Trackmate,Mask Detector + Advanced Kalman Tracker,2,count,0.0
8-3.,Lysosomes - Airyscan Confocal,Trackmate,Mask Detector + Advanced Kalman Tracker,0,count,0.0
8-3.,Lysosomes - Airyscan Confocal,Trackmate,Mask Detector + Advanced Kalman Tracker,1,count,0.0
9-1.,Lysosomes - Airyscan Confocal,Trackmate,Mask Detector + Advanced Kalman Tracker,0,count,10.0
9-1.,Lysosomes - Airyscan Confocal,Trackmate,Mask Detector + Advanced Kalman Tracker,1,count,35.0
9-1.,Lysosomes - Airyscan Confocal,Trackmate,Mask Detector + Advanced Kalman Tracker,2,count,48.0
9-1.,Lysosomes - Airyscan Confocal,Trackmate,Mask Detector + Advanced Kalman Tracker,3,count,59.0
9-1.,Lysosomes - Airyscan Confocal,Trackmate,Mask Detector + Advanced Kalman Tracker,4,count,30.0
9-2.,Lysosomes - Airyscan Confocal,Trackmate,Mask Detector + Advanced Kalman Tracker,2,count,8.0
9-2.,Lysosomes - Airyscan Confocal,Trackmate,Mask Detector + Advanced Kalman Tracker,4,count,2.0
9-2.,Lysosomes - Airyscan Confocal,Trackmate,Mask Detector + Advanced Kalman Tracker,3,count,7.0
9-2.,Lysosomes - Airyscan Confocal,Trackmate,Mask Detector + Advanced Kalman Tracker,0,count,9.0
9-2.,Lysosomes - Airyscan Confocal,Trackmate,Mask Detector + Advanced Kalman Tracker,1,count,5.0
test_00,DynamicNuclearNet (cell nuclei) - Fluorescence,Trackmate,Mask Detector + Advanced Kalman Tracker,0,count,9.0
test_01,DynamicNuclearNet (cell nuclei) - Fluorescence,Trackmate,Mask Detector + Advanced Kalman Tracker,0,count,12.0
test_02,DynamicNuclearNet (cell nuclei) - Fluorescence,Trackmate,Mask Detector + Advanced Kalman Tracker,0,count,17.0
test_03,DynamicNuclearNet (cell nuclei) - Fluorescence,Trackmate,Mask Detector + Advanced Kalman Tracker,0,count,2.0
test_04,DynamicNuclearNet (cell nuclei) - Fluorescence,Trackmate,Mask Detector + Advanced Kalman Tracker,0,count,4.0
test_05,DynamicNuclearNet (cell nuclei) - Fluorescence,Trackmate,Mask Detector + Advanced Kalman Tracker,0,count,0.0
test_06,DynamicNuclearNet (cell nuclei) - Fluorescence,Trackmate,Mask Detector + Advanced Kalman Tracker,0,count,4.0
test_07,DynamicNuclearNet (cell nuclei) - Fluorescence,Trackmate,Mask Detector + Advanced Kalman Tracker,0,count,3.0
test_08,DynamicNuclearNet (cell nuclei) - Fluorescence,Trackmate,Mask Detector + Advanced Kalman Tracker,0,count,2701.0
test_09,DynamicNuclearNet (cell nuclei) - Fluorescence,Trackmate,Mask Detector + Advanced Kalman Tracker,0,count,670.0
test_10,DynamicNuclearNet (cell nuclei) - Fluorescence,Trackmate,Mask Detector + Advanced Kalman Tracker,0,count,142.0
test_11,DynamicNuclearNet (cell nuclei) - Fluorescence,Trackmate,Mask Detector + Advanced Kalman Tracker,0,count,1369.0
A-10-run03,MOTChallenge - DIC,Trackmate,Mask Detector + Advanced Kalman Tracker,0,count,0.0
A-10-run03,MOTChallenge - DIC,Trackmate,Mask Detector + Advanced Kalman Tracker,18,count,0.0
A-10-run03,MOTChallenge - DIC,Trackmate,Mask Detector + Advanced Kalman Tracker,17,count,0.0
A-10-run03,MOTChallenge - DIC,Trackmate,Mask Detector + Advanced Kalman Tracker,16,count,0.0
A-10-run03,MOTChallenge - DIC,Trackmate,Mask Detector + Advanced Kalman Tracker,15,count,0.0
A-10-run03,MOTChallenge - DIC,Trackmate,Mask Detector + Advanced Kalman Tracker,14,count,0.0
A-10-run03,MOTChallenge - DIC,Trackmate,Mask Detector + Advanced Kalman Tracker,13,count,0.0
A-10-run03,MOTChallenge - DIC,Trackmate,Mask Detector + Advanced Kalman Tracker,12,count,0.0
A-10-run03,MOTChallenge - DIC,Trackmate,Mask Detector + Advanced Kalman Tracker,11,count,0.0
A-10-run03,MOTChallenge - DIC,Trackmate,Mask Detector + Advanced Kalman Tracker,10,count,0.0
A-10-run03,MOTChallenge - DIC,Trackmate,Mask Detector + Advanced Kalman Tracker,8,count,0.0
A-10-run03,MOTChallenge - DIC,Trackmate,Mask Detector + Advanced Kalman Tracker,7,count,0.0
A-10-run03,MOTChallenge - DIC,Trackmate,Mask Detector + Advanced Kalman Tracker,6,count,0.0
A-10-run03,MOTChallenge - DIC,Trackmate,Mask Detector + Advanced Kalman Tracker,5,count,0.0
A-10-run03,MOTChallenge - DIC,Trackmate,Mask Detector + Advanced Kalman Tracker,4,count,0.0
A-10-run03,MOTChallenge - DIC,Trackmate,Mask Detector + Advanced Kalman Tracker,3,count,0.0
A-10-run03,MOTChallenge - DIC,Trackmate,Mask Detector + Advanced Kalman Tracker,2,count,0.0
A-10-run03,MOTChallenge - DIC,Trackmate,Mask Detector + Advanced Kalman Tracker,1,count,0.0
A-10-run03,MOTChallenge - DIC,Trackmate,Mask Detector + Advanced Kalman Tracker,9,count,0.0
A-10-run05,MOTChallenge - DIC,Trackmate,Mask Detector + Advanced Kalman Tracker,11,count,0.0
A-10-run05,MOTChallenge - DIC,Trackmate,Mask Detector + Advanced Kalman Tracker,10,count,0.0
A-10-run05,MOTChallenge - DIC,Trackmate,Mask Detector + Advanced Kalman Tracker,12,count,0.0
A-10-run05,MOTChallenge - DIC,Trackmate,Mask Detector + Advanced Kalman Tracker,9,count,0.0
A-10-run05,MOTChallenge - DIC,Trackmate,Mask Detector + Advanced Kalman Tracker,14,count,0.0
A-10-run05,MOTChallenge - DIC,Trackmate,Mask Detector + Advanced Kalman Tracker,15,count,0.0
A-10-run05,MOTChallenge - DIC,Trackmate,Mask Detector + Advanced Kalman Tracker,13,count,0.0
A-10-run05,MOTChallenge - DIC,Trackmate,Mask Detector + Advanced Kalman Tracker,8,count,0.0
A-10-run05,MOTChallenge - DIC,Trackmate,Mask Detector + Advanced Kalman Tracker,1,count,0.0
A-10-run05,MOTChallenge - DIC,Trackmate,Mask Detector + Advanced Kalman Tracker,6,count,0.0
A-10-run05,MOTChallenge - DIC,Trackmate,Mask Detector + Advanced Kalman Tracker,5,count,0.0
A-10-run05,MOTChallenge - DIC,Trackmate,Mask Detector + Advanced Kalman Tracker,4,count,0.0
A-10-run05,MOTChallenge - DIC,Trackmate,Mask Detector + Advanced Kalman Tracker,3,count,0.0
A-10-run05,MOTChallenge - DIC,Trackmate,Mask Detector + Advanced Kalman Tracker,2,count,0.0
A-10-run05,MOTChallenge - DIC,Trackmate,Mask Detector + Advanced Kalman Tracker,7,count,0.0
A-10-run05,MOTChallenge - DIC,Trackmate,Mask Detector + Advanced Kalman Tracker,0,count,0.0
BPAE-run03,MOTChallenge - DIC,Trackmate,Mask Detector + Advanced Kalman Tracker,18,count,0.0
BPAE-run03,MOTChallenge - DIC,Trackmate,Mask Detector + Advanced Kalman Tracker,17,count,0.0
BPAE-run03,MOTChallenge - DIC,Trackmate,Mask Detector + Advanced Kalman Tracker,16,count,0.0
BPAE-run03,MOTChallenge - DIC,Trackmate,Mask Detector + Advanced Kalman Tracker,15,count,0.0
BPAE-run03,MOTChallenge - DIC,Trackmate,Mask Detector + Advanced Kalman Tracker,14,count,0.0
BPAE-run03,MOTChallenge - DIC,Trackmate,Mask Detector + Advanced Kalman Tracker,13,count,0.0
BPAE-run03,MOTChallenge - DIC,Trackmate,Mask Detector + Advanced Kalman Tracker,12,count,0.0
BPAE-run03,MOTChallenge - DIC,Trackmate,Mask Detector + Advanced Kalman Tracker,11,count,0.0
BPAE-run03,MOTChallenge - DIC,Trackmate,Mask Detector + Advanced Kalman Tracker,9,count,2.0
BPAE-run03,MOTChallenge - DIC,Trackmate,Mask Detector + Advanced Kalman Tracker,10,count,0.0
BPAE-run03,MOTChallenge - DIC,Trackmate,Mask Detector + Advanced Kalman Tracker,0,count,0.0
BPAE-run03,MOTChallenge - DIC,Trackmate,Mask Detector + Advanced Kalman Tracker,7,count,0.0
BPAE-run03,MOTChallenge - DIC,Trackmate,Mask Detector + Advanced Kalman Tracker,6,count,0.0
BPAE-run03,MOTChallenge - DIC,Trackmate,Mask Detector + Advanced Kalman Tracker,5,count,0.0
BPAE-run03,MOTChallenge - DIC,Trackmate,Mask Detector + Advanced Kalman Tracker,4,count,0.0
BPAE-run03,MOTChallenge - DIC,Trackmate,Mask Detector + Advanced Kalman Tracker,3,count,0.0
BPAE-run03,MOTChallenge - DIC,Trackmate,Mask Detector + Advanced Kalman Tracker,2,count,0.0
BPAE-run03,MOTChallenge - DIC,Trackmate,Mask Detector + Advanced Kalman Tracker,1,count,0.0
BPAE-run03,MOTChallenge - DIC,Trackmate,Mask Detector + Advanced Kalman Tracker,8,count,0.0
BPAE-run05,MOTChallenge - DIC,Trackmate,Mask Detector + Advanced Kalman Tracker,11,count,0.0
BPAE-run05,MOTChallenge - DIC,Trackmate,Mask Detector + Advanced Kalman Tracker,12,count,0.0
BPAE-run05,MOTChallenge - DIC,Trackmate,Mask Detector + Advanced Kalman Tracker,13,count,0.0
BPAE-run05,MOTChallenge - DIC,Trackmate,Mask Detector + Advanced Kalman Tracker,10,count,0.0
BPAE-run05,MOTChallenge - DIC,Trackmate,Mask Detector + Advanced Kalman Tracker,15,count,0.0
BPAE-run05,MOTChallenge - DIC,Trackmate,Mask Detector + Advanced Kalman Tracker,16,count,0.0
BPAE-run05,MOTChallenge - DIC,Trackmate,Mask Detector + Advanced Kalman Tracker,17,count,0.0
BPAE-run05,MOTChallenge - DIC,Trackmate,Mask Detector + Advanced Kalman Tracker,14,count,0.0
BPAE-run05,MOTChallenge - DIC,Trackmate,Mask Detector + Advanced Kalman Tracker,9,count,0.0
BPAE-run05,MOTChallenge - DIC,Trackmate,Mask Detector + Advanced Kalman Tracker,0,count,0.0
BPAE-run05,MOTChallenge - DIC,Trackmate,Mask Detector + Advanced Kalman Tracker,7,count,0.0
BPAE-run05,MOTChallenge - DIC,Trackmate,Mask Detector + Advanced Kalman Tracker,6,count,0.0
BPAE-run05,MOTChallenge - DIC,Trackmate,Mask Detector + Advanced Kalman Tracker,5,count,0.0
BPAE-run05,MOTChallenge - DIC,Trackmate,Mask Detector + Advanced Kalman Tracker,4,count,0.0
BPAE-run05,MOTChallenge - DIC,Trackmate,Mask Detector + Advanced Kalman Tracker,3,count,0.0
BPAE-run05,MOTChallenge - DIC,Trackmate,Mask Detector + Advanced Kalman Tracker,2,count,0.0
BPAE-run05,MOTChallenge - DIC,Trackmate,Mask Detector + Advanced Kalman Tracker,1,count,0.0
BPAE-run05,MOTChallenge - DIC,Trackmate,Mask Detector + Advanced Kalman Tracker,8,count,1.0
CRE-BAG2-run01,MOTChallenge - DIC,Trackmate,Mask Detector + Advanced Kalman Tracker,12,count,0.0
CRE-BAG2-run01,MOTChallenge - DIC,Trackmate,Mask Detector + Advanced Kalman Tracker,13,count,3.0
CRE-BAG2-run01,MOTChallenge - DIC,Trackmate,Mask Detector + Advanced Kalman Tracker,14,count,0.0
CRE-BAG2-run01,MOTChallenge - DIC,Trackmate,Mask Detector + Advanced Kalman Tracker,15,count,1.0
CRE-BAG2-run01,MOTChallenge - DIC,Trackmate,Mask Detector + Advanced Kalman Tracker,18,count,1.0
CRE-BAG2-run01,MOTChallenge - DIC,Trackmate,Mask Detector + Advanced Kalman Tracker,19,count,0.0
CRE-BAG2-run01,MOTChallenge - DIC,Trackmate,Mask Detector + Advanced Kalman Tracker,17,count,0.0
CRE-BAG2-run01,MOTChallenge - DIC,Trackmate,Mask Detector + Advanced Kalman Tracker,11,count,0.0
CRE-BAG2-run01,MOTChallenge - DIC,Trackmate,Mask Detector + Advanced Kalman Tracker,16,count,0.0
CRE-BAG2-run01,MOTChallenge - DIC,Trackmate,Mask Detector + Advanced Kalman Tracker,10,count,4.0
CRE-BAG2-run01,MOTChallenge - DIC,Trackmate,Mask Detector + Advanced Kalman Tracker,2,count,0.0
CRE-BAG2-run01,MOTChallenge - DIC,Trackmate,Mask Detector + Advanced Kalman Tracker,8,count,1.0
CRE-BAG2-run01,MOTChallenge - DIC,Trackmate,Mask Detector + Advanced Kalman Tracker,7,count,1.0
CRE-BAG2-run01,MOTChallenge - DIC,Trackmate,Mask Detector + Advanced Kalman Tracker,6,count,1.0
CRE-BAG2-run01,MOTChallenge - DIC,Trackmate,Mask Detector + Advanced Kalman Tracker,5,count,2.0
CRE-BAG2-run01,MOTChallenge - DIC,Trackmate,Mask Detector + Advanced Kalman Tracker,4,count,0.0
CRE-BAG2-run01,MOTChallenge - DIC,Trackmate,Mask Detector + Advanced Kalman Tracker,3,count,2.0
CRE-BAG2-run01,MOTChallenge - DIC,Trackmate,Mask Detector + Advanced Kalman Tracker,1,count,0.0
CRE-BAG2-run01,MOTChallenge - DIC,Trackmate,Mask Detector + Advanced Kalman Tracker,0,count,0.0
CRE-BAG2-run01,MOTChallenge - DIC,Trackmate,Mask Detector + Advanced Kalman Tracker,9,count,0.0
OK-run01,MOTChallenge - DIC,Trackmate,Mask Detector + Advanced Kalman Tracker,11,count,0.0
OK-run01,MOTChallenge - DIC,Trackmate,Mask Detector + Advanced Kalman Tracker,9,count,4.0
OK-run01,MOTChallenge - DIC,Trackmate,Mask Detector + Advanced Kalman Tracker,8,count,4.0
OK-run01,MOTChallenge - DIC,Trackmate,Mask Detector + Advanced Kalman Tracker,7,count,0.0
OK-run01,MOTChallenge - DIC,Trackmate,Mask Detector + Advanced Kalman Tracker,6,count,0.0
OK-run01,MOTChallenge - DIC,Trackmate,Mask Detector + Advanced Kalman Tracker,10,count,0.0
OK-run01,MOTChallenge - DIC,Trackmate,Mask Detector + Advanced Kalman Tracker,4,count,0.0
OK-run01,MOTChallenge - DIC,Trackmate,Mask Detector + Advanced Kalman Tracker,3,count,0.0
OK-run01,MOTChallenge - DIC,Trackmate,Mask Detector + Advanced Kalman Tracker,2,count,0.0
OK-run01,MOTChallenge - DIC,Trackmate,Mask Detector + Advanced Kalman Tracker,1,count,0.0
OK-run01,MOTChallenge - DIC,Trackmate,Mask Detector + Advanced Kalman Tracker,0,count,0.0
OK-run01,MOTChallenge - DIC,Trackmate,Mask Detector + Advanced Kalman Tracker,5,count,0.0
PL1Ut-run01,MOTChallenge - DIC,Trackmate,Mask Detector + Advanced Kalman Tracker,15,count,0.0
PL1Ut-run01,MOTChallenge - DIC,Trackmate,Mask Detector + Advanced Kalman Tracker,14,count,0.0
PL1Ut-run01,MOTChallenge - DIC,Trackmate,Mask Detector + Advanced Kalman Tracker,13,count,0.0
PL1Ut-run01,MOTChallenge - DIC,Trackmate,Mask Detector + Advanced Kalman Tracker,12,count,0.0
PL1Ut-run01,MOTChallenge - DIC,Trackmate,Mask Detector + Advanced Kalman Tracker,11,count,1.0
PL1Ut-run01,MOTChallenge - DIC,Trackmate,Mask Detector + Advanced Kalman Tracker,10,count,0.0
PL1Ut-run01,MOTChallenge - DIC,Trackmate,Mask Detector + Advanced Kalman Tracker,9,count,0.0
PL1Ut-run01,MOTChallenge - DIC,Trackmate,Mask Detector + Advanced Kalman Tracker,8,count,0.0
PL1Ut-run01,MOTChallenge - DIC,Trackmate,Mask Detector + Advanced Kalman Tracker,5,count,0.0
PL1Ut-run01,MOTChallenge - DIC,Trackmate,Mask Detector + Advanced Kalman Tracker,6,count,0.0
PL1Ut-run01,MOTChallenge - DIC,Trackmate,Mask Detector + Advanced Kalman Tracker,4,count,0.0
PL1Ut-run01,MOTChallenge - DIC,Trackmate,Mask Detector + Advanced Kalman Tracker,3,count,0.0
PL1Ut-run01,MOTChallenge - DIC,Trackmate,Mask Detector + Advanced Kalman Tracker,2,count,0.0
PL1Ut-run01,MOTChallenge - DIC,Trackmate,Mask Detector + Advanced Kalman Tracker,1,count,0.0
PL1Ut-run01,MOTChallenge - DIC,Trackmate,Mask Detector + Advanced Kalman Tracker,0,count,0.0
PL1Ut-run01,MOTChallenge - DIC,Trackmate,Mask Detector + Advanced Kalman Tracker,16,count,0.0
PL1Ut-run01,MOTChallenge - DIC,Trackmate,Mask Detector + Advanced Kalman Tracker,7,count,1.0
PL1Ut-run01,MOTChallenge - DIC,Trackmate,Mask Detector + Advanced Kalman Tracker,17,count,0.0
