,model,dataset,id,CHOTA,HOTA,SEG,TRA,DET,idp,idr,idf1,mota,motp,num_switches,num_unique_objects,num_frames,num_instances,weights_x,normalized_length,normalized_instances,weights_y,normalized_weights
0,DREEM,DynamicNuclearNet (cell nuclei) - Fluorescence,test_00,0.9786289772110304,0.9786289772110304,1.0,0.999745665719978,1.0,0.9718446601941748,0.9718446601941748,0.9718446601941748,1.0,1.0,0.0,33.0,42,33,0.07849814501956856,0.021750388399792854,0.13524590163934427,8.625241953969319,0.009100978898736154
1,DREEM,DynamicNuclearNet (cell nuclei) - Fluorescence,test_01,0.9891705784915192,0.9891705784915192,1.0,0.9996063766975004,1.0,0.9810640216411182,0.9810640216411182,0.9810640216411182,0.9981965734896304,1.0,2.0,29.0,42,29,0.07030142370809314,0.021750388399792854,0.11885245901639344,8.625241953969319,0.00815066105777364
2,DREEM,DynamicNuclearNet (cell nuclei) - Fluorescence,test_02,0.946439448300574,0.946439448300574,0.9999823121997812,0.9989712992490484,1.0,0.9321394910461828,0.9321394910461828,0.9321394910461828,0.996229971724788,1.0,8.0,65.0,42,65,0.14407191551137186,0.021750388399792854,0.26639344262295084,8.625241953969319,0.01670352162643626
3,DREEM,DynamicNuclearNet (cell nuclei) - Fluorescence,test_03,0.982025405835934,0.982025405835934,1.0,0.9998382269675644,1.0,0.975925925925926,0.975925925925926,0.975925925925926,1.0,1.0,0.0,18.0,42,18,0.04776044010153577,0.021750388399792854,0.07377049180327869,8.625241953969319,0.005537286995126729
4,DREEM,DynamicNuclearNet (cell nuclei) - Fluorescence,test_04,0.9822529001049476,0.9822529001049476,0.9998041991746242,0.9997547516860822,1.0,0.9775280898876404,0.9775280898876404,0.9775280898876404,1.0,1.0,0.0,22.0,42,22,0.055957161413011186,0.021750388399792854,0.09016393442622951,8.625241953969319,0.006487604836089243
5,DREEM,DynamicNuclearNet (cell nuclei) - Fluorescence,test_05,0.9944238228785864,0.9944238228785864,1.0,0.99944988447574,1.0,0.9949622166246852,0.9949622166246852,0.9949622166246852,0.9974811083123426,1.0,1.0,14.0,50,14,0.041635184351945395,0.02589331952356292,0.05737704918032787,8.625241953969319,0.004827132337172868
6,DREEM,DynamicNuclearNet (cell nuclei) - Fluorescence,test_06,0.9881100940210364,0.9881100940210364,1.0,0.9983040067839728,1.0,0.9902912621359224,0.9902912621359224,0.9902912621359224,0.9902912621359224,1.0,2.0,7.0,50,7,0.027290922056863426,0.02589331952356292,0.028688524590163935,8.625241953969319,0.0031640761154884704
7,DREEM,DynamicNuclearNet (cell nuclei) - Fluorescence,test_07,0.9316912128053776,0.9316912128053776,0.999517468966856,0.9982579448924151,1.0,0.9080300632911392,0.9080300632911392,0.9080300632911392,0.9893196202531646,1.0,54.0,107.0,71,107,0.23764655194369688,0.03676851372345935,0.4385245901639344,8.625241953969319,0.027552450494949005
8,DREEM,DynamicNuclearNet (cell nuclei) - Fluorescence,test_08,0.7667877362657233,0.7667877362657233,0.9844979635823924,0.9856759847760468,0.996230201390382,0.7740270909481832,0.773916159082766,0.773916159082766,0.939878179863848,1.0,839.0,244.0,71,244,0.5183842568617296,0.03676851372345935,1.0,8.625241953969319,0.06010083654791507
9,DREEM,DynamicNuclearNet (cell nuclei) - Fluorescence,test_09,0.8455397256440994,0.8455397256440994,0.9715314433654656,0.9775883481991644,0.98120957309185,0.8225540792796749,0.8225540792796749,0.8225540792796749,0.9817722630943232,1.0,166.0,225.0,65,225,0.4778962314608077,0.033661315380631794,0.9221311475409836,8.625241953969319,0.055406704416086645
10,DREEM,DynamicNuclearNet (cell nuclei) - Fluorescence,test_10,0.9150137723109316,0.9150137723109316,0.9869995523268248,0.997538434488291,1.0,0.9164779874213836,0.9164779874213836,0.9164779874213836,0.9881761006289308,1.0,47.0,120.0,45,120,0.2575536331298656,0.02330398757120663,0.4918032786885246,8.625241953969319,0.029860453133299058
11,DREEM,DynamicNuclearNet (cell nuclei) - Fluorescence,test_11,0.891575287253246,0.891575287253246,0.9829861848501664,0.9892017915209522,0.99852365170232,0.9031836898664256,0.9031836898664256,0.9031836898664256,0.9576177563523148,1.0,422.0,217.0,55,217,0.4589134568855006,0.02848265147591921,0.889344262295082,8.625241953969319,0.05320586475540082
12,DREEM,Lysosomes - Airyscan Confocal,11-2.,0.6724888054786534,0.6724888054786534,0.9646480497788243,0.9974276701460812,0.9992537313432835,0.6206467661691543,0.6206467661691543,0.6206467661691543,0.9900497512437813,1.0,32.0,18.0,500,18,0.16635184351945392,0.2589331952356292,0.07377049180327869,8.625241953969319,0.019286629222372034
13,DREEM,Lysosomes - Airyscan Confocal,7-2.,0.985603018602316,0.985603018602316,1.0,0.9988416708897416,1.0,0.9867109634551496,0.9867109634551496,0.9867109634551496,0.9933554817275748,1.0,4.0,5.0,200,5,0.0620325406864701,0.10357327809425168,0.020491803278688523,8.625241953969319,0.007191976876419432
14,DREEM,Lysosomes - Airyscan Confocal,8-1.,1.0,1.0,1.0,1.0,1.0,1.0,1.0,1.0,1.0,1.0,0.0,3.0,250,3,0.07088083979251386,0.1294665976178146,0.012295081967213115,8.625241953969319,0.00821783784974225
15,DREEM,Lysosomes - Airyscan Confocal,8-2.,1.0,1.0,1.0,1.0,1.0,1.0,1.0,1.0,1.0,1.0,0.0,3.0,250,3,0.07088083979251386,0.1294665976178146,0.012295081967213115,8.625241953969319,0.00821783784974225
16,DREEM,Lysosomes - Airyscan Confocal,8-3.,,,,,,1.0,1.0,1.0,1.0,1.0,0.0,2.0,250,2,0.068831659464645,0.1294665976178146,0.00819672131147541,8.625241953969319,0.00798025838950162
17,DREEM,Lysosomes - Airyscan Confocal,9-1.,0.815583624589432,0.815583624589432,0.992774104308641,0.9979040472846932,0.9989903846153846,0.7985645933014354,0.7985645933014354,0.7985645933014354,0.9913875598086124,1.0,18.0,22.0,500,22,0.17454856483092934,0.2589331952356292,0.09016393442622951,8.625241953969319,0.020236947063334548
18,DREEM,Lysosomes - Airyscan Confocal,9-2.,0.9606666378755678,0.9606666378755678,0.9995359644920028,0.9998115873763542,1.0,0.9571614019904804,0.9571614019904804,0.9571614019904804,0.9987018606663782,1.0,3.0,14.0,500,14,0.15815512220797853,0.2589331952356292,0.05737704918032787,8.625241953969319,0.018336311381409523
19,DREEM,MOTChallenge - DIC,A-10-run03,1.0,1.0,1.0,1.0,1.0,1.0,1.0,1.0,1.0,1.0,0.0,6.0,1891,6,0.501937754157788,0.9792853443811497,0.02459016393442623,8.625241953969319,0.05819404914511381
20,DREEM,MOTChallenge - DIC,A-10-run05,0.9459883896951752,0.9459883896951752,1.0,0.9999872874622596,1.0,0.9185791550942844,0.9185791550942844,0.9185791550942844,1.0,1.0,0.0,6.0,1571,6,0.41907913168238664,0.813568099430347,0.02459016393442623,8.625241953969319,0.04858752182476774
21,DREEM,MOTChallenge - DIC,BPAE-run03,0.9742291642650028,0.9742291642650028,0.9999898963215628,0.9999821229582928,1.0,0.9617308482938194,0.9617308482938194,0.9617308482938194,0.9999314786898724,1.0,2.0,24.0,1803,24,0.516036878878692,0.9337131020196789,0.09836065573770492,8.625241953969319,0.059828684416349955
22,DREEM,MOTChallenge - DIC,BPAE-run05,0.9419767483504748,0.9419767483504748,0.9999903353815882,0.9999790987375636,1.0,0.9216534486902188,0.9216534486902188,0.9216534486902188,1.0,1.0,0.0,10.0,1775,10,0.4800982248219304,0.9192128430864837,0.040983606557377046,8.625241953969319,0.05566200083245087
23,DREEM,MOTChallenge - DIC,CRE-BAG2-run01,0.8425810187066085,0.8425810187066085,0.995447745057754,0.9985579191058092,0.9992125376360688,0.7937929437196016,0.7937929437196016,0.7937929437196016,0.99795414189763,1.0,53.0,57.0,1931,57,0.6168032786885246,1.0,0.2336065573770492,8.625241953969319,0.07151141753242911
24,DREEM,MOTChallenge - DIC,OK-run01,0.9038586852849462,0.9038586852849462,0.9989752482285312,0.9988810606002144,0.999680624556423,0.8811213626685592,0.8811213626685592,0.8811213626685592,0.995800804352969,1.0,71.0,41.0,1200,41,0.39473622772537803,0.6214396685655101,0.1680327868852459,8.625241953969319,0.04576523532116351
25,DREEM,MOTChallenge - DIC,PL1Ut-run01,0.920536615313388,0.920536615313388,0.9939425933442404,0.9981896073450216,0.9987338129496404,0.894484412470024,0.894484412470024,0.894484412470024,0.9996163069544364,1.0,4.0,16.0,1731,16,0.4810002461987758,0.8964267219057483,0.06557377049180328,8.625241953969319,0.055766580087347056
26,DREEM,Mouse C2C12 - Phase Contrast,090303-C2C12P15-FGF2-exp1_F0003,0.6075381413320979,0.6075381413320979,0.957106214667915,0.9920862231247296,0.9966101694915256,0.4616128782601966,0.4615950160585071,0.4615950160585071,0.9791819835158456,1.0,538.0,154.0,1013,154,0.5778730972654957,0.5245986535473848,0.6311475409836066,8.625241953969319,0.06699789992552728
27,DREEM,Mouse C2C12 - Phase Contrast,090303-C2C12P15-FGF2-exp1_F0005,0.6368268478426674,0.6368268478426674,0.9847015496862924,0.996231702287532,0.9990132433134252,0.4974032718774344,0.4974032718774344,0.4974032718774344,0.984722582878906,1.0,353.0,143.0,1013,143,0.5553321136589383,0.5245986535473848,0.5860655737704918,8.625241953969319,0.06438452586288036
28,DREEM,Mouse C2C12 - Phase Contrast,090318-C2C12P7-FGF2-exp1_F0005,0.6666332611975181,0.6666332611975181,0.98393551060542,0.9953952971004242,0.9977242302543508,0.5584241728820042,0.5582818176024472,0.5582818176024472,0.9905678414377668,1.0,148.0,99.0,1063,99,0.47811483899449025,0.5504919730709477,0.4057377049180328,8.625241953969319,0.05543204950609679
29,DREEM,Mouse C2C12 - Phase Contrast,090318-C2C12P7-FGF2-exp1_F0006,0.6519304000882646,0.6519304000882646,0.9909760237250846,0.99852915220333,0.999450688751796,0.502239499704217,0.502239499704217,0.502239499704217,0.9967041325107748,1.0,39.0,69.0,1063,69,0.41663942915842467,0.5504919730709477,0.2827868852459016,8.625241953969319,0.04830466569887794
30,Trackastra,DynamicNuclearNet (cell nuclei) - Fluorescence,test_00,0.9349685707839196,0.9630593941915808,1.0,0.9978736474034872,1.0,0.987378640776699,0.987378640776699,0.987378640776699,0.9970873786407768,1.0,3.0,33.0,42,33,0.07849814501956856,0.021750388399792854,0.13524590163934427,8.556410294504673,0.009174191315952176
31,Trackastra,DynamicNuclearNet (cell nuclei) - Fluorescence,test_01,0.9181895370861152,0.919390685444442,1.0,0.9972321241350388,1.0,0.9891794409377818,0.9891794409377818,0.9891794409377818,0.9954914337240758,1.0,5.0,29.0,42,29,0.07030142370809314,0.021750388399792854,0.11885245901639344,8.556410294504673,0.008216228685672542
32,Trackastra,DynamicNuclearNet (cell nuclei) - Fluorescence,test_02,0.910879746299577,0.9360012232975232,1.0,0.9966838293044769,1.0,0.9665409990574928,0.9665409990574928,0.9665409990574928,0.9957587181903864,1.0,9.0,65.0,42,65,0.14407191551137186,0.021750388399792854,0.26639344262295084,8.556410294504673,0.016837892358189225
33,Trackastra,DynamicNuclearNet (cell nuclei) - Fluorescence,test_03,0.936216196007854,0.934043774737886,1.0,0.9982946240051972,1.0,0.9833333333333332,0.9833333333333332,0.9833333333333332,0.9925925925925926,1.0,4.0,18.0,42,18,0.04776044010153577,0.021750388399792854,0.07377049180327869,8.556410294504673,0.005581831452403557
34,Trackastra,DynamicNuclearNet (cell nuclei) - Fluorescence,test_04,0.9376254532168616,0.9416743924362532,1.0,0.998171961674231,1.0,0.981741573033708,0.981741573033708,0.981741573033708,0.9985955056179776,1.0,1.0,22.0,42,22,0.055957161413011186,0.021750388399792854,0.09016393442622951,8.556410294504673,0.00653979408268319
35,Trackastra,DynamicNuclearNet (cell nuclei) - Fluorescence,test_05,0.9944455528946556,0.9947004636299708,1.0,0.9985161203291516,1.0,0.7783375314861462,0.7783375314861462,0.7783375314861462,0.9093198992443324,1.0,36.0,14.0,50,14,0.041635184351945395,0.02589331952356292,0.05737704918032787,8.556410294504673,0.004865963987103968
36,Trackastra,DynamicNuclearNet (cell nuclei) - Fluorescence,test_06,0.9405875030874844,0.9470446948340556,1.0,0.9987091222030982,1.0,0.6699029126213593,0.6699029126213593,0.6699029126213593,0.883495145631068,1.0,24.0,7.0,50,7,0.027290922056863426,0.02589331952356292,0.028688524590163935,8.556410294504673,0.0031895293841146134
37,Trackastra,DynamicNuclearNet (cell nuclei) - Fluorescence,test_07,0.9335943421874366,0.990175146812455,1.0,0.9992928291147428,1.0,0.9632120253164556,0.9632120253164556,0.9632120253164556,0.997626582278481,1.0,12.0,107.0,71,107,0.23764655194369688,0.03676851372345935,0.4385245901639344,8.556410294504673,0.027774094949178
38,Trackastra,DynamicNuclearNet (cell nuclei) - Fluorescence,test_08,0.610090506219113,0.6221731168011787,1.0,0.9841245177882556,1.0,0.8495920283052928,0.8431386599785023,0.8431386599785023,0.9681117878896452,1.0,445.0,244.0,71,244,0.5183842568617296,0.03676851372345935,1.0,8.556410294504673,0.06058431503625536
39,Trackastra,DynamicNuclearNet (cell nuclei) - Fluorescence,test_09,0.7866630460644547,0.842258143637354,1.0,0.9925000799565036,1.0,0.8357951482479784,0.8357050452781372,0.8357050452781372,0.977576541612764,1.0,208.0,225.0,65,225,0.4778962314608077,0.033661315380631794,0.9221311475409836,8.556410294504673,0.05585242116869209
40,Trackastra,DynamicNuclearNet (cell nuclei) - Fluorescence,test_10,0.8590254066451211,0.8744180272612209,1.0,0.994031332477784,1.0,0.9018867924528302,0.9018867924528302,0.9018867924528302,0.9833962264150944,1.0,66.0,120.0,45,120,0.2575536331298656,0.02330398757120663,0.4918032786885246,8.556410294504673,0.03010066421140167
41,Trackastra,DynamicNuclearNet (cell nuclei) - Fluorescence,test_11,0.8401297613404646,0.8373872052863185,1.0,0.9897808041089904,1.0,0.816628129084146,0.8158079742894446,0.8158079742894446,0.9570151652104048,1.0,428.0,217.0,55,217,0.4589134568855006,0.02848265147591921,0.889344262295082,8.556410294504673,0.05363387695190778
42,Trackastra,Lysosomes - Airyscan Confocal,11-2.,0.7211450926037892,0.6963957058070442,1.0,0.9988356822766472,1.0,0.6023646546359677,0.6019900497512438,0.6019900497512438,0.98818407960199,1.0,38.0,18.0,500,18,0.16635184351945392,0.2589331952356292,0.07377049180327869,8.556410294504673,0.019441779647510926
43,Trackastra,Lysosomes - Airyscan Confocal,7-2.,0.9108624068948756,0.7187638341973651,1.0,0.9963802215304424,1.0,0.6073211314475874,0.606312292358804,0.606312292358804,0.9750830564784052,1.0,15.0,5.0,200,5,0.0620325406864701,0.10357327809425168,0.020491803278688523,8.556410294504673,0.007249832412350574
44,Trackastra,Lysosomes - Airyscan Confocal,8-1.,1.0,1.0,1.0,1.0,1.0,1.0,1.0,1.0,1.0,1.0,0.0,3.0,250,3,0.07088083979251386,0.1294665976178146,0.012295081967213115,8.556410294504673,0.008283945878336018
45,Trackastra,Lysosomes - Airyscan Confocal,8-2.,1.0,1.0,1.0,1.0,1.0,1.0,1.0,1.0,1.0,1.0,0.0,3.0,250,3,0.07088083979251386,0.1294665976178146,0.012295081967213115,8.556410294504673,0.008283945878336018
46,Trackastra,Lysosomes - Airyscan Confocal,9-1.,0.7724571627356247,0.7389299215080177,1.0,0.9979669258661524,1.0,0.652005799903335,0.6485576923076923,0.6485576923076923,0.9822115384615384,1.0,37.0,21.0,500,22,0.17454856483092934,0.2589331952356292,0.09016393442622951,8.556410294504673,0.02039974227779056
47,Trackastra,Lysosomes - Airyscan Confocal,9-2.,0.8406417772237198,0.8561940951544101,1.0,0.9992275082430524,1.0,0.8152315015144959,0.8152315015144959,0.8152315015144959,0.99048031155344,1.0,22.0,14.0,500,14,0.15815512220797853,0.2589331952356292,0.05737704918032787,8.556410294504673,0.0184838170172313
48,Trackastra,MOTChallenge - DIC,A-10-run03,1.0,1.0,1.0,1.0,1.0,1.0,1.0,1.0,1.0,1.0,0.0,6.0,1891,6,0.501937754157788,0.9792853443811497,0.02459016393442623,8.556410294504673,0.05866218856757674
49,Trackastra,MOTChallenge - DIC,A-10-run05,0.9041376620475544,1.0,1.0,0.9999745190470124,1.0,1.0,1.0,1.0,1.0,1.0,0.0,6.0,1571,6,0.41907913168238664,0.813568099430347,0.02459016393442623,8.556410294504673,0.04897838196837509
50,Trackastra,MOTChallenge - DIC,BPAE-run03,0.9784171079836104,1.0,1.0,0.9999940409860976,1.0,1.0,1.0,1.0,1.0,1.0,0.0,24.0,1803,24,0.516036878878692,0.9337131020196789,0.09836065573770492,8.556410294504673,0.060309973589054634
51,Trackastra,MOTChallenge - DIC,BPAE-run05,0.9028047211616768,1.0,1.0,0.9999581974751276,1.0,1.0,1.0,1.0,1.0,1.0,0.0,10.0,1775,10,0.4800982248219304,0.9192128430864837,0.040983606557377046,8.556410294504673,0.056109771305645775
52,Trackastra,MOTChallenge - DIC,CRE-BAG2-run01,0.8736317096657387,0.989659584058597,1.0,0.9999261332254432,1.0,0.9879639304926662,0.9854087856095112,0.9854087856095112,0.9993823824596618,1.0,16.0,57.0,1931,57,0.6168032786885246,1.0,0.2336065573770492,8.556410294504673,0.07208668792854224
53,Trackastra,MOTChallenge - DIC,OK-run01,0.9145942569657882,0.9659353037141156,1.0,0.9999331208634612,1.0,0.945864394746184,0.945528743789922,0.945528743789922,0.9998225691980128,1.0,3.0,41.0,1200,41,0.39473622772537803,0.6214396685655101,0.1680327868852459,8.556410294504673,0.04613339170737244
54,Trackastra,MOTChallenge - DIC,PL1Ut-run01,0.8991527084967663,0.9683707811820502,1.0,0.999958237802306,1.0,0.9448335412069462,0.944652278177458,0.944652278177458,0.9996163069544364,1.0,4.0,16.0,1731,16,0.4810002461987758,0.8964267219057483,0.06557377049180328,8.556410294504673,0.05621519184367499
55,Trackastra,Mouse C2C12 - Phase Contrast,090303-C2C12P15-FGF2-exp1_F0003,0.487452084187645,0.9612881387080552,1.0,0.9994729761357533,1.0,0.9363062260276628,0.9351468482761288,0.9351468482761288,0.9989165344580736,1.0,28.0,154.0,1013,154,0.5778730972654957,0.5245986535473848,0.6311475409836066,8.556410294504673,0.06753686153136355
56,Trackastra,Mouse C2C12 - Phase Contrast,090303-C2C12P15-FGF2-exp1_F0005,0.4739547705568431,0.9872414136361112,1.0,0.9994463370677332,1.0,0.9779077322936972,0.9770189561152948,0.9770189561152948,0.9992209815632304,1.0,18.0,143.0,1013,143,0.5553321136589383,0.5245986535473848,0.5860655737704918,8.556410294504673,0.06490246429809457
57,Trackastra,Mouse C2C12 - Phase Contrast,090318-C2C12P7-FGF2-exp1_F0005,0.5277505122075407,0.9679621618197924,1.0,0.999442442600714,1.0,0.9497445721583652,0.9478682047033332,0.9478682047033332,0.998151806768211,1.0,29.0,99.0,1063,99,0.47811483899449025,0.5504919730709477,0.4057377049180328,8.556410294504673,0.05587797014614388
58,Trackastra,Mouse C2C12 - Phase Contrast,090318-C2C12P7-FGF2-exp1_F0006,0.5549989944947933,0.972442437580518,1.0,0.9994447549567572,1.0,0.9640713500718572,0.9637454576185244,0.9637454576185244,0.9993239246175948,1.0,8.0,69.0,1063,69,0.41663942915842467,0.5504919730709477,0.2827868852459016,8.556410294504673,0.048693250419046645
59,Trackmate,DynamicNuclearNet (cell nuclei) - Fluorescence,test_00,0.7961991218642072,0.7961991218642072,0.727981551941806,0.7689796956466449,0.7871844660194175,0.9696601941747572,0.7757281553398059,0.7757281553398059,0.99126213592233,1.0,9.0,33.0,42,33,0.07849814501956856,0.021750388399792854,0.13524590163934427,8.625241953969319,0.009100978898736154
60,Trackmate,DynamicNuclearNet (cell nuclei) - Fluorescence,test_01,0.8440775022087533,0.8440775022087533,0.7931962256680289,0.8403463885061996,0.8591523895401263,0.9765208110992528,0.8250676284941388,0.8250676284941388,0.9891794409377818,1.0,12.0,29.0,42,29,0.07030142370809314,0.021750388399792854,0.11885245901639344,8.625241953969319,0.00815066105777364
61,Trackmate,DynamicNuclearNet (cell nuclei) - Fluorescence,test_02,0.8068167950305595,0.8068167950305595,0.7911471187270059,0.8267667935397593,0.8441093308199812,0.9308035714285714,0.7860508953817154,0.7860508953817154,0.9919886899151744,1.0,17.0,65.0,42,65,0.14407191551137186,0.021750388399792854,0.26639344262295084,8.625241953969319,0.01670352162643626
62,Trackmate,DynamicNuclearNet (cell nuclei) - Fluorescence,test_03,0.94539164943051,0.94539164943051,0.9318939930230196,0.957211032920812,0.9662962962962964,0.9921722113502937,0.9388888888888888,0.9388888888888888,0.9962962962962963,1.0,2.0,18.0,42,18,0.04776044010153577,0.021750388399792854,0.07377049180327869,8.625241953969319,0.005537286995126729
63,Trackmate,DynamicNuclearNet (cell nuclei) - Fluorescence,test_04,0.8700296344569383,0.8700296344569383,0.8441894081072441,0.8817903126916002,0.9001404494382023,0.9744,0.8553370786516854,0.8553370786516854,0.99438202247191,1.0,4.0,22.0,42,22,0.055957161413011186,0.021750388399792854,0.09016393442622951,8.625241953969319,0.006487604836089243
64,Trackmate,DynamicNuclearNet (cell nuclei) - Fluorescence,test_05,0.7689727687150596,0.7689727687150596,0.671826079813621,0.668390361976015,0.6672544080604534,1.0,0.8085642317380353,0.8085642317380353,1.0,1.0,0.0,14.0,50,14,0.041635184351945395,0.02589331952356292,0.05737704918032787,8.625241953969319,0.004827132337172868
65,Trackmate,DynamicNuclearNet (cell nuclei) - Fluorescence,test_06,0.9626927709480192,0.9626927709480192,0.9684341996141572,0.9694721221115116,0.9694174757281552,0.9950738916256158,0.9805825242718448,0.9805825242718448,0.9805825242718448,1.0,4.0,7.0,50,7,0.027290922056863426,0.02589331952356292,0.028688524590163935,8.625241953969319,0.0031640761154884704
66,Trackmate,DynamicNuclearNet (cell nuclei) - Fluorescence,test_07,0.8560296318029407,0.8560296318029407,0.8277086759150087,0.8829632184899314,0.9150712025316456,0.9230769230769232,0.7689873417721519,0.7689873417721519,0.9994066455696202,1.0,3.0,107.0,71,107,0.23764655194369688,0.03676851372345935,0.4385245901639344,8.625241953969319,0.027552450494949005
67,Trackmate,DynamicNuclearNet (cell nuclei) - Fluorescence,test_08,0.2912874711770343,0.2912874711770343,0.2992438712136668,0.3364237458674716,0.3518884827635634,0.5983190612115445,0.2703690433536367,0.2703690433536367,0.8064493013256897,1.0,2701.0,244.0,71,244,0.5183842568617296,0.03676851372345935,1.0,8.625241953969319,0.06010083654791507
68,Trackmate,DynamicNuclearNet (cell nuclei) - Fluorescence,test_09,0.5797966889806432,0.5797966889806432,0.6580609164558463,0.734953326560733,0.7679147908202482,0.6724528301886793,0.4802716688227684,0.4802716688227684,0.9277705907718844,1.0,670.0,225.0,65,225,0.4778962314608077,0.033661315380631794,0.9221311475409836,8.625241953969319,0.055406704416086645
69,Trackmate,DynamicNuclearNet (cell nuclei) - Fluorescence,test_10,0.7155237912351228,0.7155237912351228,0.6697646863263609,0.7513818833173991,0.7852075471698113,0.8996179228898923,0.6515723270440251,0.6515723270440251,0.9642767295597484,1.0,142.0,120.0,45,120,0.2575536331298656,0.02330398757120663,0.4918032786885246,8.625241953969319,0.029860453133299058
70,Trackmate,DynamicNuclearNet (cell nuclei) - Fluorescence,test_11,0.5486503166494627,0.5486503166494627,0.636450132613237,0.695656175225474,0.7234910113487998,0.6510816468946267,0.4685146128351913,0.4685146128351913,0.8625087877874862,1.0,1369.0,217.0,55,217,0.4589134568855006,0.02848265147591921,0.889344262295082,8.625241953969319,0.05320586475540082
71,Trackmate,Lysosomes - Airyscan Confocal,11-2.,0.6068627415877834,0.6068627415877834,0.8478242714356351,0.9443835208426412,0.9482898009950248,0.5931336742147553,0.5049751243781094,0.5049751243781094,0.9549129353233832,1.0,145.0,18.0,500,18,0.16635184351945392,0.2589331952356292,0.07377049180327869,8.625241953969319,0.019286629222372034
72,Trackmate,Lysosomes - Airyscan Confocal,7-2.,0.70121022554144,0.70121022554144,0.9196967963245538,0.9652501266922464,0.9717607973421928,0.6711635750421585,0.6611295681063123,0.6611295681063123,0.973421926910299,1.0,16.0,5.0,200,5,0.0620325406864701,0.10357327809425168,0.020491803278688523,8.625241953969319,0.007191976876419432
73,Trackmate,Lysosomes - Airyscan Confocal,8-1.,1.0,1.0,0.9964045856873972,1.0,1.0,1.0,1.0,1.0,1.0,1.0,0.0,3.0,250,3,0.07088083979251386,0.1294665976178146,0.012295081967213115,8.625241953969319,0.00821783784974225
74,Trackmate,Lysosomes - Airyscan Confocal,8-2.,0.8747028078840972,0.8747028078840972,0.9839254362279825,1.0,1.0,0.6611295681063123,0.6567656765676567,0.6567656765676567,0.9867986798679867,1.0,4.0,3.0,250,3,0.07088083979251386,0.1294665976178146,0.012295081967213115,8.625241953969319,0.00821783784974225
75,Trackmate,Lysosomes - Airyscan Confocal,8-3.,,,,,,1.0,1.0,1.0,1.0,1.0,0.0,2.0,250,2,0.068831659464645,0.1294665976178146,0.00819672131147541,8.625241953969319,0.00798025838950162
76,Trackmate,Lysosomes - Airyscan Confocal,9-1.,0.5610056320326813,0.5610056320326813,0.9441745673394462,0.9819328875940558,0.9849038461538462,0.5216874628639334,0.4221153846153846,0.4221153846153846,0.9125,1.0,182.0,21.0,500,22,0.17454856483092934,0.2589331952356292,0.09016393442622951,8.625241953969319,0.020236947063334548
77,Trackmate,Lysosomes - Airyscan Confocal,9-2.,0.6498855600058847,0.6498855600058847,0.938019160455581,0.9887140838436176,0.9898312418866292,0.5785340314136126,0.5737775854608395,0.5737775854608395,0.9865858935525746,1.0,31.0,14.0,500,14,0.15815512220797853,0.2589331952356292,0.05737704918032787,8.625241953969319,0.018336311381409523
78,Trackmate,MOTChallenge - DIC,A-10-run03,0.8938769289525107,0.8938769289525107,0.8107388696148343,0.8684081898658557,0.9054161462473032,1.0,0.8108138744048968,0.8108138744048968,1.0,1.0,0.0,6.0,1891,6,0.501937754157788,0.9792853443811497,0.02459016393442623,8.625241953969319,0.05819404914511381
79,Trackmate,MOTChallenge - DIC,A-10-run05,0.895819268666077,0.895819268666077,0.918839730442426,0.9435724296088672,0.959419865221213,0.9113621896880968,0.8371583101885689,0.8371583101885689,1.0,1.0,0.0,6.0,1571,6,0.41907913168238664,0.813568099430347,0.02459016393442623,8.625241953969319,0.04858752182476774
80,Trackmate,MOTChallenge - DIC,BPAE-run03,0.9028147511010152,0.9028147511010152,0.8829199046665107,0.9229842145721726,0.942568863916678,0.9557228334298398,0.8482252980676991,0.8482252980676991,0.9999314786898724,1.0,2.0,24.0,1803,24,0.516036878878692,0.9337131020196789,0.09836065573770492,8.625241953969319,0.059828684416349955
81,Trackmate,MOTChallenge - DIC,BPAE-run05,0.8155517833053075,0.8155517833053075,0.8381793262847084,0.8878333751358582,0.9187935592405672,0.9068038879359634,0.7623167507810622,0.7623167507810622,0.9998798365777456,1.0,1.0,10.0,1775,10,0.4800982248219304,0.9192128430864837,0.040983606557377046,8.625241953969319,0.05566200083245087
82,Trackmate,MOTChallenge - DIC,CRE-BAG2-run01,0.6221278043132497,0.6221278043132497,0.5957493274420015,0.741044912677721,0.7975218096193932,0.8198924731182796,0.4944800432332278,0.4944800432332278,0.9993823824596618,1.0,16.0,57.0,1931,57,0.6168032786885246,1.0,0.2336065573770492,8.625241953969319,0.07151141753242911
83,Trackmate,MOTChallenge - DIC,OK-run01,0.8248925378205892,0.8248925378205892,0.8292165116925557,0.8906526117588955,0.9143778093210316,0.9243177942012508,0.7692808138159452,0.7692808138159452,0.9995268511947007,1.0,8.0,41.0,1200,41,0.39473622772537803,0.6214396685655101,0.1680327868852459,8.625241953969319,0.04576523532116351
84,Trackmate,MOTChallenge - DIC,PL1Ut-run01,0.8230345289791114,0.8230345289791114,0.8864339068616874,0.923729698351646,0.9443676174013252,0.8710924911376088,0.777841726618705,0.777841726618705,0.9998081534772182,1.0,2.0,16.0,1731,16,0.4810002461987758,0.8964267219057483,0.06557377049180328,8.625241953969319,0.055766580087347056
85,Trackmate,Mouse C2C12 - Phase Contrast,090303-C2C12P15-FGF2-exp1_F0003,0.5082307015761864,0.5082307015761864,0.7512598689707096,0.7956949053798529,0.7999690426437582,0.4675584041614416,0.3895445575204117,0.3895445575204117,0.9515536121967264,1.0,1252.0,154.0,1013,154,0.5778730972654957,0.5245986535473848,0.6311475409836066,8.625241953969319,0.06699789992552728
86,Trackmate,Mouse C2C12 - Phase Contrast,090303-C2C12P15-FGF2-exp1_F0005,0.6862015468121093,0.6862015468121093,0.9516051412936308,0.9748102197891184,0.9765645286938458,0.4741691345837446,0.0623647537436163,0.0623647537436163,0.998918029948931,1.0,25.0,143.0,1013,143,0.5553321136589383,0.5245986535473848,0.5860655737704918,8.625241953969319,0.06438452586288036
87,Trackmate,Mouse C2C12 - Phase Contrast,090318-C2C12P7-FGF2-exp1_F0005,0.6746057803768781,0.6746057803768781,0.9327516501481772,0.9596256321064296,0.9616625231083062,0.5902361997499835,0.5717290166337391,0.5717290166337391,0.9875724937862468,1.0,195.0,99.0,1063,99,0.47811483899449025,0.5504919730709477,0.4057377049180328,8.625241953969319,0.05543204950609679
88,Trackmate,Mouse C2C12 - Phase Contrast,090318-C2C12P7-FGF2-exp1_F0006,0.7052296010010005,0.7052296010010005,0.9696665155619002,0.985846767076543,0.986985548888701,0.5679938613692557,0.5630017746978788,0.5630017746978788,0.9937463027127524,1.0,74.0,69.0,1063,69,0.41663942915842467,0.5504919730709477,0.2827868852459016,8.625241953969319,0.04830466569887794
