method,num_instances,num_switches,num_frames,switches_per_frame,instance_bin
DREEM,3,7,1136,0.006161971830985915,1-5
DREEM,4,11,3465,0.0031746031746031746,1-5
DREEM,5,16,2898,0.005521048999309869,6-10
DREEM,6,85,1005,0.0845771144278607,6-10
DREEM,7,12,941,0.012752391073326248,6-10
DREEM,8,7,557,0.012567324955116697,6-10
DREEM,9,10,271,0.03690036900369004,6-10
DREEM,10,10,374,0.026737967914438502,11-15
DREEM,11,13,531,0.02448210922787194,11-15
DREEM,12,50,830,0.060240963855421686,11-15
DREEM,13,14,534,0.026217228464419477,11-15
DREEM,14,30,321,0.09345794392523364,11-15
DREEM,15,28,1085,0.025806451612903226,16-20
DREEM,16,41,773,0.05304010349288486,16-20
DREEM,17,15,1164,0.01288659793814433,16-20
DREEM,18,20,475,0.042105263157894736,16-20
DREEM,19,3,112,0.026785714285714284,16-20
DREEM,20,1,58,0.017241379310344827,21-30
DREEM,21,7,45,0.15555555555555556,21-30
DREEM,22,14,80,0.175,21-30
DREEM,23,36,125,0.288,21-30
DREEM,24,10,61,0.16393442622950818,21-30
DREEM,25,6,44,0.13636363636363635,21-30
DREEM,26,7,123,0.056910569105691054,21-30
DREEM,27,6,67,0.08955223880597014,21-30
DREEM,28,23,55,0.41818181818181815,21-30
DREEM,29,56,150,0.37333333333333335,21-30
DREEM,30,12,60,0.2,31-40
DREEM,31,9,46,0.1956521739130435,31-40
DREEM,32,24,11,2.1818181818181817,31-40
DREEM,33,8,5,1.6,31-40
DREEM,35,4,12,0.3333333333333333,31-40
DREEM,36,7,12,0.5833333333333334,31-40
DREEM,38,31,55,0.5636363636363636,31-40
DREEM,39,60,60,1.0,31-40
DREEM,40,24,18,1.3333333333333333,41-50
DREEM,41,84,61,1.3770491803278688,41-50
DREEM,42,20,20,1.0,41-50
DREEM,43,4,9,0.4444444444444444,41-50
DREEM,44,5,8,0.625,41-50
DREEM,45,4,10,0.4,41-50
DREEM,47,15,30,0.5,41-50
DREEM,48,42,45,0.9333333333333333,41-50
DREEM,49,111,88,1.2613636363636365,41-50
DREEM,50,45,30,1.5,51-60
DREEM,51,27,20,1.35,51-60
DREEM,52,40,26,1.5384615384615385,51-60
DREEM,53,44,36,1.2222222222222223,51-60
DREEM,54,23,14,1.6428571428571428,51-60
DREEM,55,15,9,1.6666666666666667,51-60
DREEM,56,3,3,1.0,51-60
DREEM,57,7,6,1.1666666666666667,51-60
DREEM,59,26,17,1.5294117647058822,51-60
DREEM,60,25,28,0.8928571428571429,61-70
DREEM,61,13,12,1.0833333333333333,61-70
DREEM,62,15,11,1.3636363636363635,61-70
DREEM,63,24,15,1.6,61-70
DREEM,64,17,12,1.4166666666666667,61-70
DREEM,65,9,6,1.5,61-70
DREEM,66,11,6,1.8333333333333333,61-70
DREEM,68,1,4,0.25,61-70
DREEM,70,4,4,1.0,71-80
DREEM,71,12,6,2.0,71-80
DREEM,72,4,6,0.6666666666666666,71-80
DREEM,73,5,7,0.7142857142857143,71-80
DREEM,74,11,16,0.6875,71-80
DREEM,75,11,8,1.375,71-80
DREEM,76,3,6,0.5,71-80
DREEM,77,1,2,0.5,71-80
DREEM,78,2,2,1.0,71-80
DREEM,79,2,2,1.0,71-80
DREEM,81,3,1,3.0,81-90
DREEM,83,6,4,1.5,81-90
DREEM,84,6,6,1.0,81-90
DREEM,85,5,6,0.8333333333333334,81-90
DREEM,86,1,1,1.0,81-90
DREEM,87,1,1,1.0,81-90
DREEM,89,3,1,3.0,81-90
DREEM,90,2,1,2.0,91-100
DREEM,91,1,1,1.0,91-100
DREEM,93,3,2,1.5,91-100
DREEM,94,2,3,0.6666666666666666,91-100
DREEM,95,2,1,2.0,91-100
DREEM,97,2,2,1.0,91-100
DREEM,98,1,1,1.0,91-100
DREEM,99,3,5,0.6,91-100
DREEM,120,6,3,2.0,101-150
DREEM,121,14,10,1.4,101-150
DREEM,122,5,4,1.25,101-150
DREEM,124,3,1,3.0,101-150
DREEM,126,6,3,2.0,101-150
DREEM,128,2,1,2.0,101-150
DREEM,129,4,2,2.0,101-150
DREEM,130,2,1,2.0,101-150
DREEM,137,5,2,2.5,101-150
DREEM,141,9,1,9.0,101-150
DREEM,142,2,1,2.0,101-150
DREEM,145,6,1,6.0,101-150
DREEM,146,4,1,4.0,101-150
DREEM,147,11,3,3.6666666666666665,101-150
DREEM,151,2,1,2.0,151-200
DREEM,154,10,3,3.3333333333333335,151-200
DREEM,155,4,1,4.0,151-200
DREEM,157,2,3,0.6666666666666666,151-200
DREEM,158,4,2,2.0,151-200
DREEM,159,3,1,3.0,151-200
DREEM,161,3,1,3.0,151-200
DREEM,162,1,1,1.0,151-200
DREEM,163,1,1,1.0,151-200
DREEM,164,3,1,3.0,151-200
DREEM,166,3,1,3.0,151-200
DREEM,167,9,3,3.0,151-200
DREEM,168,8,2,4.0,151-200
DREEM,169,13,3,4.333333333333333,151-200
DREEM,170,8,1,8.0,151-200
DREEM,176,19,2,9.5,151-200
DREEM,177,2,1,2.0,151-200
DREEM,178,96,10,9.6,151-200
DREEM,179,53,8,6.625,151-200
DREEM,180,64,6,10.666666666666666,151-200
DREEM,181,64,7,9.142857142857142,151-200
DREEM,182,42,5,8.4,151-200
DREEM,183,21,2,10.5,151-200
DREEM,184,24,3,8.0,151-200
DREEM,185,60,6,10.0,151-200
DREEM,186,46,4,11.5,151-200
DREEM,187,10,1,10.0,151-200
DREEM,189,1,2,0.5,151-200
DREEM,190,47,3,15.666666666666666,151-200
DREEM,191,231,10,23.1,151-200
DREEM,192,138,6,23.0,151-200
DREEM,193,149,7,21.285714285714285,151-200
DREEM,194,87,5,17.4,151-200
DREEM,195,18,2,9.0,151-200
DREEM,196,16,2,8.0,151-200
DREEM,197,6,2,3.0,151-200
DREEM,198,15,3,5.0,151-200
DREEM,199,15,4,3.75,151-200
DREEM,200,17,3,5.666666666666667,
DREEM,201,33,4,8.25,
DREEM,202,37,3,12.333333333333334,
DREEM,203,37,5,7.4,
DREEM,204,12,3,4.0,
DREEM,205,6,3,2.0,
DREEM,206,3,3,1.0,
Trackastra,1,1,221,0.004524886877828055,1-5
Trackastra,2,5,280,0.017857142857142856,1-5
Trackastra,3,13,1139,0.01141352063213345,1-5
Trackastra,4,38,3466,0.010963646855164455,1-5
Trackastra,5,40,2889,0.013845621322256836,6-10
Trackastra,6,19,999,0.01901901901901902,6-10
Trackastra,7,41,944,0.04343220338983051,6-10
Trackastra,8,10,554,0.018050541516245487,6-10
Trackastra,9,10,271,0.03690036900369004,6-10
Trackastra,10,8,376,0.02127659574468085,11-15
Trackastra,11,1,528,0.001893939393939394,11-15
Trackastra,12,6,832,0.007211538461538462,11-15
Trackastra,13,7,533,0.013133208255159476,11-15
Trackastra,14,2,323,0.006191950464396285,11-15
Trackastra,15,3,1084,0.0027675276752767526,16-20
Trackastra,16,3,772,0.0038860103626943004,16-20
Trackastra,17,3,1163,0.0025795356835769563,16-20
Trackastra,18,10,475,0.021052631578947368,16-20
Trackastra,19,2,112,0.017857142857142856,16-20
Trackastra,20,2,58,0.034482758620689655,21-30
Trackastra,22,8,82,0.0975609756097561,21-30
Trackastra,23,6,125,0.048,21-30
Trackastra,24,3,61,0.04918032786885246,21-30
Trackastra,25,1,43,0.023255813953488372,21-30
Trackastra,26,4,123,0.032520325203252036,21-30
Trackastra,27,1,66,0.015151515151515152,21-30
Trackastra,28,2,55,0.03636363636363636,21-30
Trackastra,29,6,150,0.04,21-30
Trackastra,30,3,61,0.04918032786885246,31-40
Trackastra,31,1,45,0.022222222222222223,31-40
Trackastra,36,2,12,0.16666666666666666,31-40
Trackastra,37,1,3,0.3333333333333333,31-40
Trackastra,38,4,55,0.07272727272727272,31-40
Trackastra,39,8,60,0.13333333333333333,31-40
Trackastra,42,3,20,0.15,41-50
Trackastra,44,1,8,0.125,41-50
Trackastra,45,1,10,0.1,41-50
Trackastra,46,1,3,0.3333333333333333,41-50
Trackastra,48,5,46,0.10869565217391304,41-50
Trackastra,49,7,87,0.08045977011494253,41-50
Trackastra,50,1,30,0.03333333333333333,51-60
Trackastra,51,1,20,0.05,51-60
Trackastra,52,1,26,0.038461538461538464,51-60
Trackastra,53,3,36,0.08333333333333333,51-60
Trackastra,54,1,15,0.06666666666666667,51-60
Trackastra,56,1,3,0.3333333333333333,51-60
Trackastra,61,1,12,0.08333333333333333,61-70
Trackastra,63,2,15,0.13333333333333333,61-70
Trackastra,64,1,12,0.08333333333333333,61-70
Trackastra,71,4,7,0.5714285714285714,71-80
Trackastra,72,1,5,0.2,71-80
Trackastra,74,1,16,0.0625,71-80
Trackastra,75,2,9,0.2222222222222222,71-80
Trackastra,77,2,2,1.0,71-80
Trackastra,79,4,2,2.0,71-80
Trackastra,80,1,1,1.0,81-90
Trackastra,81,2,1,2.0,81-90
Trackastra,82,1,1,1.0,81-90
Trackastra,83,6,4,1.5,81-90
Trackastra,84,7,6,1.1666666666666667,81-90
Trackastra,85,4,6,0.6666666666666666,81-90
Trackastra,86,2,1,2.0,81-90
Trackastra,87,2,1,2.0,81-90
Trackastra,89,2,1,2.0,81-90
Trackastra,90,1,1,1.0,91-100
Trackastra,91,1,1,1.0,91-100
Trackastra,93,3,2,1.5,91-100
Trackastra,94,8,3,2.6666666666666665,91-100
Trackastra,95,2,1,2.0,91-100
Trackastra,97,2,2,1.0,91-100
Trackastra,98,2,1,2.0,91-100
Trackastra,99,9,5,1.8,91-100
Trackastra,101,5,2,2.5,101-150
Trackastra,120,2,4,0.5,101-150
Trackastra,121,6,10,0.6,101-150
Trackastra,122,5,4,1.25,101-150
Trackastra,124,2,1,2.0,101-150
Trackastra,126,1,3,0.3333333333333333,101-150
Trackastra,129,3,2,1.5,101-150
Trackastra,130,1,1,1.0,101-150
Trackastra,131,1,1,1.0,101-150
Trackastra,134,3,1,3.0,101-150
Trackastra,137,6,2,3.0,101-150
Trackastra,141,5,1,5.0,101-150
Trackastra,142,2,1,2.0,101-150
Trackastra,145,3,1,3.0,101-150
Trackastra,146,4,1,4.0,101-150
Trackastra,147,10,3,3.3333333333333335,101-150
Trackastra,150,4,1,4.0,151-200
Trackastra,151,6,1,6.0,151-200
Trackastra,154,16,3,5.333333333333333,151-200
Trackastra,155,2,1,2.0,151-200
Trackastra,157,12,3,4.0,151-200
Trackastra,158,8,2,4.0,151-200
Trackastra,159,5,1,5.0,151-200
Trackastra,160,3,1,3.0,151-200
Trackastra,161,5,1,5.0,151-200
Trackastra,162,2,1,2.0,151-200
Trackastra,163,3,1,3.0,151-200
Trackastra,164,3,1,3.0,151-200
Trackastra,166,5,1,5.0,151-200
Trackastra,167,24,3,8.0,151-200
Trackastra,168,17,2,8.5,151-200
Trackastra,169,28,4,7.0,151-200
Trackastra,170,11,1,11.0,151-200
Trackastra,176,20,3,6.666666666666667,151-200
Trackastra,177,12,1,12.0,151-200
Trackastra,178,85,10,8.5,151-200
Trackastra,179,55,7,7.857142857142857,151-200
Trackastra,180,42,6,7.0,151-200
Trackastra,181,38,7,5.428571428571429,151-200
Trackastra,182,46,5,9.2,151-200
Trackastra,183,13,2,6.5,151-200
Trackastra,184,15,3,5.0,151-200
Trackastra,185,54,6,9.0,151-200
Trackastra,186,36,5,7.2,151-200
Trackastra,187,12,1,12.0,151-200
Trackastra,190,23,3,7.666666666666667,151-200
Trackastra,191,123,10,12.3,151-200
Trackastra,192,74,6,12.333333333333334,151-200
Trackastra,193,106,8,13.25,151-200
Trackastra,194,38,5,7.6,151-200
Trackastra,195,1,1,1.0,151-200
Trackastra,196,8,2,4.0,151-200
Trackastra,197,1,2,0.5,151-200
Trackastra,198,10,3,3.3333333333333335,151-200
Trackastra,199,8,4,2.0,151-200
Trackastra,200,11,3,3.6666666666666665,
Trackastra,201,8,4,2.0,
Trackastra,202,18,3,6.0,
Trackastra,203,10,5,2.0,
Trackastra,204,2,3,0.6666666666666666,
Trackastra,205,1,3,0.3333333333333333,
Trackastra,206,3,3,1.0,
Trackmate,1,2,415,0.004819277108433735,1-5
Trackmate,2,7,276,0.025362318840579712,1-5
Trackmate,3,48,1169,0.041060735671514116,1-5
Trackmate,4,122,3473,0.03512813129858912,1-5
Trackmate,5,94,2920,0.03219178082191781,6-10
Trackmate,6,70,1039,0.06737247353224254,6-10
Trackmate,7,60,898,0.066815144766147,6-10
Trackmate,8,17,548,0.03102189781021898,6-10
Trackmate,9,3,249,0.012048192771084338,6-10
Trackmate,10,26,396,0.06565656565656566,11-15
Trackmate,11,24,583,0.0411663807890223,11-15
Trackmate,12,21,832,0.025240384615384616,11-15
Trackmate,13,15,490,0.030612244897959183,11-15
Trackmate,14,14,343,0.04081632653061224,11-15
Trackmate,15,31,1092,0.028388278388278388,16-20
Trackmate,16,29,800,0.03625,16-20
Trackmate,17,46,1102,0.041742286751361164,16-20
Trackmate,18,53,493,0.1075050709939148,16-20
Trackmate,19,46,164,0.2804878048780488,16-20
Trackmate,20,50,91,0.5494505494505495,21-30
Trackmate,21,35,84,0.4166666666666667,21-30
Trackmate,22,18,69,0.2608695652173913,21-30
Trackmate,23,19,44,0.4318181818181818,21-30
Trackmate,24,29,59,0.4915254237288136,21-30
Trackmate,25,17,72,0.2361111111111111,21-30
Trackmate,26,46,92,0.5,21-30
Trackmate,27,45,59,0.7627118644067796,21-30
Trackmate,28,33,63,0.5238095238095238,21-30
Trackmate,29,57,135,0.4222222222222222,21-30
Trackmate,30,36,73,0.4931506849315068,31-40
Trackmate,31,60,34,1.7647058823529411,31-40
Trackmate,32,44,16,2.75,31-40
Trackmate,33,55,37,1.4864864864864864,31-40
Trackmate,34,26,15,1.7333333333333334,31-40
Trackmate,35,27,11,2.4545454545454546,31-40
Trackmate,36,21,19,1.105263157894737,31-40
Trackmate,37,31,33,0.9393939393939394,31-40
Trackmate,38,35,34,1.0294117647058822,31-40
Trackmate,39,25,20,1.25,31-40
Trackmate,40,66,28,2.357142857142857,41-50
Trackmate,41,45,39,1.1538461538461537,41-50
Trackmate,42,56,20,2.8,41-50
Trackmate,43,36,12,3.0,41-50
Trackmate,44,52,22,2.3636363636363638,41-50
Trackmate,45,46,30,1.5333333333333334,41-50
Trackmate,46,33,24,1.375,41-50
Trackmate,47,21,46,0.45652173913043476,41-50
Trackmate,48,29,50,0.58,41-50
Trackmate,49,17,67,0.2537313432835821,41-50
Trackmate,50,24,20,1.2,51-60
Trackmate,51,6,7,0.8571428571428571,51-60
Trackmate,52,3,1,3.0,51-60
Trackmate,53,7,2,3.5,51-60
Trackmate,54,22,6,3.6666666666666665,51-60
Trackmate,55,18,9,2.0,51-60
Trackmate,56,28,12,2.3333333333333335,51-60
Trackmate,57,15,9,1.6666666666666667,51-60
Trackmate,58,25,12,2.0833333333333335,51-60
Trackmate,59,15,6,2.5,51-60
Trackmate,65,14,7,2.0,61-70
Trackmate,66,3,2,1.5,61-70
Trackmate,67,1,1,1.0,61-70
Trackmate,68,10,6,1.6666666666666667,61-70
Trackmate,71,6,7,0.8571428571428571,71-80
Trackmate,73,16,11,1.4545454545454546,71-80
Trackmate,74,1,14,0.07142857142857142,71-80
Trackmate,75,18,13,1.3846153846153846,71-80
Trackmate,76,8,9,0.8888888888888888,71-80
Trackmate,77,9,3,3.0,71-80
Trackmate,78,13,3,4.333333333333333,71-80
Trackmate,79,10,3,3.3333333333333335,71-80
Trackmate,83,9,3,3.0,81-90
Trackmate,84,5,1,5.0,81-90
Trackmate,85,1,1,1.0,81-90
Trackmate,86,2,1,2.0,81-90
Trackmate,88,3,2,1.5,81-90
Trackmate,89,4,3,1.3333333333333333,81-90
Trackmate,90,2,1,2.0,91-100
Trackmate,91,4,2,2.0,91-100
Trackmate,92,2,1,2.0,91-100
Trackmate,93,4,2,2.0,91-100
Trackmate,101,48,1,48.0,101-150
Trackmate,103,117,2,58.5,101-150
Trackmate,104,10,1,10.0,101-150
Trackmate,105,55,3,18.333333333333332,101-150
Trackmate,106,56,7,8.0,101-150
Trackmate,107,275,6,45.833333333333336,101-150
Trackmate,108,13,1,13.0,101-150
Trackmate,109,117,2,58.5,101-150
Trackmate,110,40,2,20.0,101-150
Trackmate,111,136,7,19.428571428571427,101-150
Trackmate,112,234,8,29.25,101-150
Trackmate,113,177,7,25.285714285714285,101-150
Trackmate,114,306,10,30.6,101-150
Trackmate,115,185,5,37.0,101-150
Trackmate,116,41,4,10.25,101-150
Trackmate,117,172,5,34.4,101-150
Trackmate,118,183,4,45.75,101-150
Trackmate,119,139,6,23.166666666666668,101-150
Trackmate,120,121,4,30.25,101-150
Trackmate,121,133,4,33.25,101-150
Trackmate,122,99,5,19.8,101-150
Trackmate,123,115,4,28.75,101-150
Trackmate,124,70,2,35.0,101-150
Trackmate,125,54,3,18.0,101-150
Trackmate,126,61,2,30.5,101-150
Trackmate,129,26,1,26.0,101-150
Trackmate,130,9,1,9.0,101-150
Trackmate,131,9,1,9.0,101-150
Trackmate,132,31,2,15.5,101-150
Trackmate,133,36,3,12.0,101-150
Trackmate,134,15,1,15.0,101-150
Trackmate,135,44,3,14.666666666666666,101-150
Trackmate,136,26,1,26.0,101-150
Trackmate,137,23,2,11.5,101-150
Trackmate,138,132,6,22.0,101-150
Trackmate,140,39,3,13.0,101-150
Trackmate,141,51,4,12.75,101-150
Trackmate,142,240,11,21.818181818181817,101-150
Trackmate,143,117,6,19.5,101-150
Trackmate,144,162,8,20.25,101-150
Trackmate,145,225,11,20.454545454545453,101-150
Trackmate,146,116,5,23.2,101-150
Trackmate,147,79,4,19.75,101-150
Trackmate,148,61,2,30.5,101-150
Trackmate,149,58,2,29.0,101-150
Trackmate,150,122,4,30.5,151-200
Trackmate,151,69,2,34.5,151-200
Trackmate,152,34,1,34.0,151-200
Trackmate,153,59,2,29.5,151-200
